"TABLE_CATALOG","TABLE_SCHEMA","TABLE_NAME","COLUMN_NAME","ORDINAL_POSITION","COLUMN_DEFAULT","IS_NULLABLE","DATA_TYPE","CHARACTER_MAXIMUM_LENGTH","CHARACTER_OCTET_LENGTH","NUMERIC_PRECISION","NUMERIC_SCALE","DATETIME_PRECISION","CHARACTER_SET_NAME","COLLATION_NAME","COLUMN_TYPE","COLUMN_KEY","EXTRA","PRIVILEGES","COLUMN_COMMENT","IS_GENERATED","GENERATION_EXPRESSION"
"def","db_ura","audit_logs","log_id","1",NULL,"NO","int",NULL,NULL,"10","0",NULL,NULL,NULL,"int(11)","PRI","auto_increment","select,insert,update,references",,"NEVER",NULL
"def","db_ura","audit_logs","log_text","2",NULL,"NO","varchar","2000","2000",NULL,NULL,NULL,"latin1","latin1_swedish_ci","varchar(2000)",,,"select,insert,update,references",,"NEVER",NULL
"def","db_ura","audit_logs","log_ori","3",NULL,"NO","varchar","200","200",NULL,NULL,NULL,"latin1","latin1_swedish_ci","varchar(200)",,,"select,insert,update,references",,"NEVER",NULL
"def","db_ura","audit_logs","log_lvl","4",NULL,"NO","varchar","15","15",NULL,NULL,NULL,"latin1","latin1_swedish_ci","varchar(15)",,,"select,insert,update,references",,"NEVER",NULL
"def","db_ura","audit_logs","createdAt","5","current_timestamp()","NO","datetime",NULL,NULL,NULL,NULL,"0",NULL,NULL,"datetime",,,"select,insert,update,references",,"NEVER",NULL
"def","db_ura","cron_maintenence","id","1",NULL,"NO","int",NULL,NULL,"10","0",NULL,NULL,NULL,"int(6)","PRI","auto_increment","select,insert,update,references",,"NEVER",NULL
"def","db_ura","cron_maintenence","start_time","2","NULL","YES","datetime",NULL,NULL,NULL,NULL,"0",NULL,NULL,"datetime",,,"select,insert,update,references",,"NEVER",NULL
"def","db_ura","cron_maintenence","end_time","3","NULL","YES","datetime",NULL,NULL,NULL,NULL,"0",NULL,NULL,"datetime",,,"select,insert,update,references",,"NEVER",NULL
"def","db_ura","cron_maintenence","module","4","NULL","YES","varchar","25","25",NULL,NULL,NULL,"latin1","latin1_swedish_ci","varchar(25)",,,"select,insert,update,references",,"NEVER",NULL
"def","db_ura","cron_maintenence","status","5","NULL","YES","varchar","25","25",NULL,NULL,NULL,"latin1","latin1_swedish_ci","varchar(25)",,,"select,insert,update,references",,"NEVER",NULL
"def","db_ura","cron_maintenence","parent_table","6","NULL","YES","varchar","25","25",NULL,NULL,NULL,"latin1","latin1_swedish_ci","varchar(25)",,,"select,insert,update,references",,"NEVER",NULL
"def","db_ura","cron_maintenence","error","7","NULL","YES","text","65535","65535",NULL,NULL,NULL,"latin1","latin1_swedish_ci","text",,,"select,insert,update,references",,"NEVER",NULL
"def","db_ura","cron_maintenence","created_by","8","NULL","YES","varchar","25","25",NULL,NULL,NULL,"latin1","latin1_swedish_ci","varchar(25)",,,"select,insert,update,references",,"NEVER",NULL
"def","db_ura","cron_maintenence","updated_by","9","NULL","YES","varchar","25","25",NULL,NULL,NULL,"latin1","latin1_swedish_ci","varchar(25)",,,"select,insert,update,references",,"NEVER",NULL
"def","db_ura","cron_maintenence","createdAt","10",NULL,"NO","datetime",NULL,NULL,NULL,NULL,"0",NULL,NULL,"datetime",,,"select,insert,update,references",,"NEVER",NULL
"def","db_ura","cron_maintenence","updatedAt","11",NULL,"NO","datetime",NULL,NULL,NULL,NULL,"0",NULL,NULL,"datetime",,,"select,insert,update,references",,"NEVER",NULL
"def","db_ura","failed_jobs","id","1",NULL,"NO","bigint",NULL,NULL,"20","0",NULL,NULL,NULL,"bigint(20) unsigned","PRI","auto_increment","select,insert,update,references",,"NEVER",NULL
"def","db_ura","failed_jobs","uuid","2",NULL,"NO","varchar","255","1020",NULL,NULL,NULL,"utf8mb4","utf8mb4_unicode_ci","varchar(255)","UNI",,"select,insert,update,references",,"NEVER",NULL
"def","db_ura","failed_jobs","connection","3",NULL,"NO","text","65535","65535",NULL,NULL,NULL,"utf8mb4","utf8mb4_unicode_ci","text",,,"select,insert,update,references",,"NEVER",NULL
"def","db_ura","failed_jobs","queue","4",NULL,"NO","text","65535","65535",NULL,NULL,NULL,"utf8mb4","utf8mb4_unicode_ci","text",,,"select,insert,update,references",,"NEVER",NULL
"def","db_ura","failed_jobs","payload","5",NULL,"NO","longtext","4294967295","4294967295",NULL,NULL,NULL,"utf8mb4","utf8mb4_unicode_ci","longtext",,,"select,insert,update,references",,"NEVER",NULL
"def","db_ura","failed_jobs","exception","6",NULL,"NO","longtext","4294967295","4294967295",NULL,NULL,NULL,"utf8mb4","utf8mb4_unicode_ci","longtext",,,"select,insert,update,references",,"NEVER",NULL
"def","db_ura","failed_jobs","failed_at","7","current_timestamp()","NO","timestamp",NULL,NULL,NULL,NULL,"0",NULL,NULL,"timestamp",,,"select,insert,update,references",,"NEVER",NULL
"def","db_ura","migrations","id","1",NULL,"NO","int",NULL,NULL,"10","0",NULL,NULL,NULL,"int(10) unsigned","PRI","auto_increment","select,insert,update,references",,"NEVER",NULL
"def","db_ura","migrations","migration","2",NULL,"NO","varchar","255","1020",NULL,NULL,NULL,"utf8mb4","utf8mb4_unicode_ci","varchar(255)",,,"select,insert,update,references",,"NEVER",NULL
"def","db_ura","migrations","batch","3",NULL,"NO","int",NULL,NULL,"10","0",NULL,NULL,NULL,"int(11)",,,"select,insert,update,references",,"NEVER",NULL
"def","db_ura","mst_buyer","id","1",NULL,"NO","int",NULL,NULL,"10","0",NULL,NULL,NULL,"int(11)","PRI","auto_increment","select,insert,update,references",,"NEVER",NULL
"def","db_ura","mst_buyer","tally_id","2",NULL,"NO","varchar","45","45",NULL,NULL,NULL,"latin1","latin1_swedish_ci","varchar(45)",,,"select,insert,update,references",,"NEVER",NULL
"def","db_ura","mst_buyer","buyer_legal_name","3",NULL,"NO","varchar","45","45",NULL,NULL,NULL,"latin1","latin1_swedish_ci","varchar(45)",,,"select,insert,update,references",,"NEVER",NULL
"def","db_ura","mst_buyer","buyer_tin","4",NULL,"NO","varchar","45","45",NULL,NULL,NULL,"latin1","latin1_swedish_ci","varchar(45)",,,"select,insert,update,references",,"NEVER",NULL
"def","db_ura","mst_buyer","customer_type","5","NULL","YES","varchar","45","45",NULL,NULL,NULL,"latin1","latin1_swedish_ci","varchar(45)",,,"select,insert,update,references",,"NEVER",NULL
"def","db_ura","mst_buyer","buyer_address","6",NULL,"NO","varchar","100","100",NULL,NULL,NULL,"latin1","latin1_swedish_ci","varchar(100)",,,"select,insert,update,references",,"NEVER",NULL
"def","db_ura","mst_buyer","cont_pers","7","NULL","YES","varchar","45","45",NULL,NULL,NULL,"latin1","latin1_swedish_ci","varchar(45)",,,"select,insert,update,references",,"NEVER",NULL
"def","db_ura","mst_buyer","buyer_mobile_phone","8","NULL","YES","varchar","45","45",NULL,NULL,NULL,"latin1","latin1_swedish_ci","varchar(45)",,,"select,insert,update,references",,"NEVER",NULL
"def","db_ura","mst_buyer","is_active","9","1","NO","int",NULL,NULL,"10","0",NULL,NULL,NULL,"int(1)",,,"select,insert,update,references",,"NEVER",NULL
"def","db_ura","mst_buyer","created_by","10","NULL","YES","int",NULL,NULL,"10","0",NULL,NULL,NULL,"int(4)",,,"select,insert,update,references",,"NEVER",NULL
"def","db_ura","mst_buyer","createdAt","11","NULL","YES","datetime",NULL,NULL,NULL,NULL,"0",NULL,NULL,"datetime",,,"select,insert,update,references",,"NEVER",NULL
"def","db_ura","mst_buyer","updated_by","12","NULL","YES","int",NULL,NULL,"10","0",NULL,NULL,NULL,"int(4)",,,"select,insert,update,references",,"NEVER",NULL
"def","db_ura","mst_buyer","updatedAt","13","NULL","YES","datetime",NULL,NULL,NULL,NULL,"0",NULL,NULL,"datetime",,,"select,insert,update,references",,"NEVER",NULL
"def","db_ura","mst_buyer","buyer_email","14","NULL","YES","varchar","45","45",NULL,NULL,NULL,"latin1","latin1_swedish_ci","varchar(45)",,,"select,insert,update,references",,"NEVER",NULL
"def","db_ura","mst_buyer","buyer_citizenship","15","NULL","YES","varchar","45","45",NULL,NULL,NULL,"latin1","latin1_swedish_ci","varchar(45)",,,"select,insert,update,references",,"NEVER",NULL
"def","db_ura","mst_buyer","buyer_type","16","NULL","YES","varchar","45","45",NULL,NULL,NULL,"latin1","latin1_swedish_ci","varchar(45)",,,"select,insert,update,references",,"NEVER",NULL
"def","db_ura","mst_cancel_credit_debit_notes","id","1",NULL,"NO","int",NULL,NULL,"10","0",NULL,NULL,NULL,"int(8)","PRI","auto_increment","select,insert,update,references",,"NEVER",NULL
"def","db_ura","mst_cancel_credit_debit_notes","trans_batch_id","2","NULL","YES","int",NULL,NULL,"10","0",NULL,NULL,NULL,"int(6)",,,"select,insert,update,references",,"NEVER",NULL
"def","db_ura","mst_cancel_credit_debit_notes","json_single_array","3","NULL","YES","text","65535","65535",NULL,NULL,NULL,"latin1","latin1_swedish_ci","text",,,"select,insert,update,references",,"NEVER",NULL
"def","db_ura","mst_cancel_credit_debit_notes","json_single_array_encoded","4","NULL","YES","text","65535","65535",NULL,NULL,NULL,"latin1","latin1_swedish_ci","text",,,"select,insert,update,references",,"NEVER",NULL
"def","db_ura","mst_cancel_credit_debit_notes","api_response","5","NULL","YES","text","65535","65535",NULL,NULL,NULL,"latin1","latin1_swedish_ci","text",,,"select,insert,update,references",,"NEVER",NULL
"def","db_ura","mst_cancel_credit_debit_notes","error_code","6","NULL","YES","varchar","45","45",NULL,NULL,NULL,"latin1","latin1_swedish_ci","varchar(45)",,,"select,insert,update,references",,"NEVER",NULL
"def","db_ura","mst_cancel_credit_debit_notes","error_message","7","NULL","YES","text","65535","65535",NULL,NULL,NULL,"latin1","latin1_swedish_ci","text",,,"select,insert,update,references",,"NEVER",NULL
"def","db_ura","mst_cancel_credit_debit_notes","created_at","8","NULL","YES","datetime",NULL,NULL,NULL,NULL,"0",NULL,NULL,"datetime",,,"select,insert,update,references",,"NEVER",NULL
"def","db_ura","mst_cancel_credit_debit_notes","updated_at","9","NULL","YES","datetime",NULL,NULL,NULL,NULL,"0",NULL,NULL,"datetime",,,"select,insert,update,references",,"NEVER",NULL
"def","db_ura","mst_comp","comp_id","1",NULL,"NO","int",NULL,NULL,"10","0",NULL,NULL,NULL,"int(6)","PRI","auto_increment","select,insert,update,references",,"NEVER",NULL
"def","db_ura","mst_comp","comp_name","2","NULL","YES","varchar","100","100",NULL,NULL,NULL,"latin1","latin1_swedish_ci","varchar(100)",,,"select,insert,update,references",,"NEVER",NULL
"def","db_ura","mst_comp","address","3","NULL","YES","varchar","500","500",NULL,NULL,NULL,"latin1","latin1_swedish_ci","varchar(500)",,,"select,insert,update,references",,"NEVER",NULL
"def","db_ura","mst_comp","tin","4","NULL","YES","varchar","50","50",NULL,NULL,NULL,"latin1","latin1_swedish_ci","varchar(50)",,,"select,insert,update,references",,"NEVER",NULL
"def","db_ura","mst_comp","device_no","5","NULL","YES","varchar","100","100",NULL,NULL,NULL,"latin1","latin1_swedish_ci","varchar(100)",,,"select,insert,update,references",,"NEVER",NULL
"def","db_ura","mst_comp","tax_payer_no","6","NULL","YES","varchar","50","50",NULL,NULL,NULL,"latin1","latin1_swedish_ci","varchar(50)",,,"select,insert,update,references",,"NEVER",NULL
"def","db_ura","mst_comp","email","7","NULL","YES","varchar","45","45",NULL,NULL,NULL,"latin1","latin1_swedish_ci","varchar(45)",,,"select,insert,update,references",,"NEVER",NULL
"def","db_ura","mst_comp","is_active","8","NULL","YES","int",NULL,NULL,"10","0",NULL,NULL,NULL,"int(1)",,,"select,insert,update,references",,"NEVER",NULL
"def","db_ura","mst_comp","api_call","9","1","YES","int",NULL,NULL,"10","0",NULL,NULL,NULL,"int(1)",,,"select,insert,update,references",,"NEVER",NULL
"def","db_ura","mst_comp","created_by","10","NULL","YES","varchar","50","50",NULL,NULL,NULL,"latin1","latin1_swedish_ci","varchar(50)",,,"select,insert,update,references",,"NEVER",NULL
"def","db_ura","mst_comp","updated_by","11","NULL","YES","varchar","50","50",NULL,NULL,NULL,"latin1","latin1_swedish_ci","varchar(50)",,,"select,insert,update,references",,"NEVER",NULL
"def","db_ura","mst_comp","envinfo","12","NULL","YES","varchar","20","20",NULL,NULL,NULL,"latin1","latin1_swedish_ci","varchar(20)",,,"select,insert,update,references",,"NEVER",NULL
"def","db_ura","mst_comp","versioninfo","13","NULL","YES","varchar","20","20",NULL,NULL,NULL,"latin1","latin1_swedish_ci","varchar(20)",,,"select,insert,update,references",,"NEVER",NULL
"def","db_ura","mst_comp","otherinfo","14","NULL","YES","varchar","500","500",NULL,NULL,NULL,"latin1","latin1_swedish_ci","varchar(500)",,,"select,insert,update,references",,"NEVER",NULL
"def","db_ura","mst_comp","createdAt","15",NULL,"NO","datetime",NULL,NULL,NULL,NULL,"0",NULL,NULL,"datetime",,,"select,insert,update,references",,"NEVER",NULL
"def","db_ura","mst_comp","updatedAt","16",NULL,"NO","datetime",NULL,NULL,NULL,NULL,"0",NULL,NULL,"datetime",,,"select,insert,update,references",,"NEVER",NULL
"def","db_ura","mst_credit_notes","id","1",NULL,"NO","int",NULL,NULL,"10","0",NULL,NULL,NULL,"int(8)","PRI","auto_increment","select,insert,update,references",,"NEVER",NULL
"def","db_ura","mst_credit_notes","trans_batch_id","2","NULL","YES","int",NULL,NULL,"10","0",NULL,NULL,NULL,"int(6)",,,"select,insert,update,references",,"NEVER",NULL
"def","db_ura","mst_credit_notes","voucher_number","3","NULL","YES","varchar","50","50",NULL,NULL,NULL,"latin1","latin1_swedish_ci","varchar(50)",,,"select,insert,update,references",,"NEVER",NULL
"def","db_ura","mst_credit_notes","invoice_id","4","NULL","YES","varchar","100","100",NULL,NULL,NULL,"latin1","latin1_swedish_ci","varchar(100)",,,"select,insert,update,references",,"NEVER",NULL
"def","db_ura","mst_credit_notes","invoice_no","5","NULL","YES","varchar","100","100",NULL,NULL,NULL,"latin1","latin1_swedish_ci","varchar(100)",,,"select,insert,update,references",,"NEVER",NULL
"def","db_ura","mst_credit_notes","json_single_array","6","NULL","YES","text","65535","65535",NULL,NULL,NULL,"latin1","latin1_swedish_ci","text",,,"select,insert,update,references",,"NEVER",NULL
"def","db_ura","mst_credit_notes","json_single_array_encoded","7","NULL","YES","text","65535","65535",NULL,NULL,NULL,"latin1","latin1_swedish_ci","text",,,"select,insert,update,references",,"NEVER",NULL
"def","db_ura","mst_credit_notes","api_response","8","NULL","YES","text","65535","65535",NULL,NULL,NULL,"latin1","latin1_swedish_ci","text",,,"select,insert,update,references",,"NEVER",NULL
"def","db_ura","mst_credit_notes","reference_number","9","NULL","YES","varchar","100","100",NULL,NULL,NULL,"latin1","latin1_swedish_ci","varchar(100)",,,"select,insert,update,references",,"NEVER",NULL
"def","db_ura","mst_credit_notes","credit_note_number","10","NULL","YES","varchar","100","100",NULL,NULL,NULL,"latin1","latin1_swedish_ci","varchar(100)",,,"select,insert,update,references",,"NEVER",NULL
"def","db_ura","mst_credit_notes","res_invoice_no","11","NULL","YES","varchar","50","50",NULL,NULL,NULL,"latin1","latin1_swedish_ci","varchar(50)",,,"select,insert,update,references",,"NEVER",NULL
"def","db_ura","mst_credit_notes","res_invoice_id","12","NULL","YES","varchar","100","100",NULL,NULL,NULL,"latin1","latin1_swedish_ci","varchar(100)",,,"select,insert,update,references",,"NEVER",NULL
"def","db_ura","mst_credit_notes","res_antifake_code","13","NULL","YES","varchar","255","255",NULL,NULL,NULL,"latin1","latin1_swedish_ci","varchar(255)",,,"select,insert,update,references",,"NEVER",NULL
"def","db_ura","mst_credit_notes","res_qr_code","14","NULL","YES","varchar","255","255",NULL,NULL,NULL,"latin1","latin1_swedish_ci","varchar(255)",,,"select,insert,update,references",,"NEVER",NULL
"def","db_ura","mst_credit_notes","res_tin","15","NULL","YES","varchar","45","45",NULL,NULL,NULL,"latin1","latin1_swedish_ci","varchar(45)",,,"select,insert,update,references",,"NEVER",NULL
"def","db_ura","mst_credit_notes","response_t108","16","NULL","YES","text","65535","65535",NULL,NULL,NULL,"latin1","latin1_swedish_ci","text",,,"select,insert,update,references",,"NEVER",NULL
"def","db_ura","mst_credit_notes","error_code","17","NULL","YES","varchar","45","45",NULL,NULL,NULL,"latin1","latin1_swedish_ci","varchar(45)",,,"select,insert,update,references",,"NEVER",NULL
"def","db_ura","mst_credit_notes","error_message","18","NULL","YES","text","65535","65535",NULL,NULL,NULL,"latin1","latin1_swedish_ci","text",,,"select,insert,update,references",,"NEVER",NULL
"def","db_ura","mst_credit_notes","created_at","19","NULL","YES","datetime",NULL,NULL,NULL,NULL,"0",NULL,NULL,"datetime",,,"select,insert,update,references",,"NEVER",NULL
"def","db_ura","mst_credit_notes","updated_at","20","NULL","YES","datetime",NULL,NULL,NULL,NULL,"0",NULL,NULL,"datetime",,,"select,insert,update,references",,"NEVER",NULL
"def","db_ura","mst_debit_notes","id","1",NULL,"NO","int",NULL,NULL,"10","0",NULL,NULL,NULL,"int(8)","PRI","auto_increment","select,insert,update,references",,"NEVER",NULL
"def","db_ura","mst_debit_notes","trans_batch_id","2","NULL","YES","int",NULL,NULL,"10","0",NULL,NULL,NULL,"int(6)",,,"select,insert,update,references",,"NEVER",NULL
"def","db_ura","mst_debit_notes","voucher_number","3","NULL","YES","varchar","100","100",NULL,NULL,NULL,"latin1","latin1_swedish_ci","varchar(100)",,,"select,insert,update,references",,"NEVER",NULL
"def","db_ura","mst_debit_notes","json_single_array","4","NULL","YES","text","65535","65535",NULL,NULL,NULL,"latin1","latin1_swedish_ci","text",,,"select,insert,update,references",,"NEVER",NULL
"def","db_ura","mst_debit_notes","json_single_array_encoded","5","NULL","YES","text","65535","65535",NULL,NULL,NULL,"latin1","latin1_swedish_ci","text",,,"select,insert,update,references",,"NEVER",NULL
"def","db_ura","mst_debit_notes","api_response","6","NULL","YES","text","65535","65535",NULL,NULL,NULL,"latin1","latin1_swedish_ci","text",,,"select,insert,update,references",,"NEVER",NULL
"def","db_ura","mst_debit_notes","invoice_id","7","NULL","YES","varchar","45","45",NULL,NULL,NULL,"latin1","latin1_swedish_ci","varchar(45)",,,"select,insert,update,references",,"NEVER",NULL
"def","db_ura","mst_debit_notes","tin","8","NULL","YES","varchar","45","45",NULL,NULL,NULL,"latin1","latin1_swedish_ci","varchar(45)",,,"select,insert,update,references",,"NEVER",NULL
"def","db_ura","mst_debit_notes","qr_code","9","NULL","YES","varchar","255","255",NULL,NULL,NULL,"latin1","latin1_swedish_ci","varchar(255)",,,"select,insert,update,references",,"NEVER",NULL
"def","db_ura","mst_debit_notes","antifakeCode","10","NULL","YES","varchar","45","45",NULL,NULL,NULL,"latin1","latin1_swedish_ci","varchar(45)",,,"select,insert,update,references",,"NEVER",NULL
"def","db_ura","mst_debit_notes","invoiceNo","11","NULL","YES","varchar","45","45",NULL,NULL,NULL,"latin1","latin1_swedish_ci","varchar(45)",,,"select,insert,update,references",,"NEVER",NULL
"def","db_ura","mst_debit_notes","error_code","12","NULL","YES","varchar","45","45",NULL,NULL,NULL,"latin1","latin1_swedish_ci","varchar(45)",,,"select,insert,update,references",,"NEVER",NULL
"def","db_ura","mst_debit_notes","error_message","13","NULL","YES","text","65535","65535",NULL,NULL,NULL,"latin1","latin1_swedish_ci","text",,,"select,insert,update,references",,"NEVER",NULL
"def","db_ura","mst_debit_notes","created_at","14","NULL","YES","datetime",NULL,NULL,NULL,NULL,"0",NULL,NULL,"datetime",,,"select,insert,update,references",,"NEVER",NULL
"def","db_ura","mst_debit_notes","updated_at","15","NULL","YES","datetime",NULL,NULL,NULL,NULL,"0",NULL,NULL,"datetime",,,"select,insert,update,references",,"NEVER",NULL
"def","db_ura","mst_device","dev_id","1",NULL,"NO","varchar","20","20",NULL,NULL,NULL,"latin1","latin1_swedish_ci","varchar(20)","PRI",,"select,insert,update,references",,"NEVER",NULL
"def","db_ura","mst_device","loc_id","2",NULL,"NO","int",NULL,NULL,"10","0",NULL,NULL,NULL,"int(11)",,,"select,insert,update,references",,"NEVER",NULL
"def","db_ura","mst_device","hk_dev_id","3","NULL","YES","varchar","45","45",NULL,NULL,NULL,"latin1","latin1_swedish_ci","varchar(45)",,,"select,insert,update,references",,"NEVER",NULL
"def","db_ura","mst_device","name","4","NULL","YES","varchar","45","45",NULL,NULL,NULL,"latin1","latin1_swedish_ci","varchar(45)",,,"select,insert,update,references",,"NEVER",NULL
"def","db_ura","mst_device","org_id","5","NULL","YES","int",NULL,NULL,"10","0",NULL,NULL,NULL,"int(5)",,,"select,insert,update,references",,"NEVER",NULL
"def","db_ura","mst_device","dev_type","6","NULL","YES","varchar","20","20",NULL,NULL,NULL,"latin1","latin1_swedish_ci","varchar(20)",,,"select,insert,update,references",,"NEVER",NULL
"def","db_ura","mst_device","is_signage","7","0","YES","tinyint",NULL,NULL,"3","0",NULL,NULL,NULL,"tinyint(1)",,,"select,insert,update,references",,"NEVER",NULL
"def","db_ura","mst_device","is_active","8","NULL","YES","int",NULL,NULL,"10","0",NULL,NULL,NULL,"int(11)",,,"select,insert,update,references",,"NEVER",NULL
"def","db_ura","mst_device","live_status","9","1","YES","int",NULL,NULL,"10","0",NULL,NULL,NULL,"int(1)",,,"select,insert,update,references",,"NEVER",NULL
"def","db_ura","mst_device","createdAt","10","current_timestamp()","NO","timestamp",NULL,NULL,NULL,NULL,"0",NULL,NULL,"timestamp",,,"select,insert,update,references",,"NEVER",NULL
"def","db_ura","mst_device","createdby","11","NULL","YES","varchar","45","45",NULL,NULL,NULL,"latin1","latin1_swedish_ci","varchar(45)",,,"select,insert,update,references",,"NEVER",NULL
"def","db_ura","mst_device","updatedat","12","NULL","YES","timestamp",NULL,NULL,NULL,NULL,"0",NULL,NULL,"timestamp",,,"select,insert,update,references",,"NEVER",NULL
"def","db_ura","mst_device","updatedby","13","NULL","YES","varchar","45","45",NULL,NULL,NULL,"latin1","latin1_swedish_ci","varchar(45)",,,"select,insert,update,references",,"NEVER",NULL
"def","db_ura","mst_device","branch_code","14","NULL","YES","varchar","45","45",NULL,NULL,NULL,"latin1","latin1_swedish_ci","varchar(45)",,,"select,insert,update,references",,"NEVER",NULL
"def","db_ura","mst_device","data_last_recived","15","NULL","YES","datetime",NULL,NULL,NULL,NULL,"0",NULL,NULL,"datetime",,,"select,insert,update,references",,"NEVER",NULL
"def","db_ura","mst_device","dev_status_last_recived","16","NULL","YES","datetime",NULL,NULL,NULL,NULL,"0",NULL,NULL,"datetime",,,"select,insert,update,references",,"NEVER",NULL
"def","db_ura","mst_device","dev_live_status","17","NULL","YES","int",NULL,NULL,"10","0",NULL,NULL,NULL,"int(1)",,,"select,insert,update,references",,"NEVER",NULL
"def","db_ura","mst_functionality","func_id","1",NULL,"NO","int",NULL,NULL,"10","0",NULL,NULL,NULL,"int(3)","PRI","auto_increment","select,insert,update,references",,"NEVER",NULL
"def","db_ura","mst_functionality","func_name","2","NULL","YES","varchar","45","45",NULL,NULL,NULL,"latin1","latin1_swedish_ci","varchar(45)",,,"select,insert,update,references",,"NEVER",NULL
"def","db_ura","mst_functionality","priority_level","3","NULL","YES","varchar","5","5",NULL,NULL,NULL,"latin1","latin1_swedish_ci","varchar(5)",,,"select,insert,update,references",,"NEVER",NULL
"def","db_ura","mst_functionality","func_type","4","NULL","YES","varchar","45","45",NULL,NULL,NULL,"latin1","latin1_swedish_ci","varchar(45)",,,"select,insert,update,references",,"NEVER",NULL
"def","db_ura","mst_functionality","is_active","5","NULL","YES","int",NULL,NULL,"10","0",NULL,NULL,NULL,"int(1)",,,"select,insert,update,references",,"NEVER",NULL
"def","db_ura","mst_functionality","created_by","6","NULL","YES","varchar","50","50",NULL,NULL,NULL,"latin1","latin1_swedish_ci","varchar(50)",,,"select,insert,update,references",,"NEVER",NULL
"def","db_ura","mst_functionality","updated_by","7","NULL","YES","varchar","50","50",NULL,NULL,NULL,"latin1","latin1_swedish_ci","varchar(50)",,,"select,insert,update,references",,"NEVER",NULL
"def","db_ura","mst_functionality","createdAt","8",NULL,"NO","datetime",NULL,NULL,NULL,NULL,"0",NULL,NULL,"datetime",,,"select,insert,update,references",,"NEVER",NULL
"def","db_ura","mst_functionality","updatedAt","9",NULL,"NO","datetime",NULL,NULL,NULL,NULL,"0",NULL,NULL,"datetime",,,"select,insert,update,references",,"NEVER",NULL
"def","db_ura","mst_godown","gdw_id","1",NULL,"NO","int",NULL,NULL,"10","0",NULL,NULL,NULL,"int(11)","PRI",,"select,insert,update,references",,"NEVER",NULL
"def","db_ura","mst_godown","name","2","NULL","YES","varchar","255","255",NULL,NULL,NULL,"latin1","latin1_swedish_ci","varchar(255)",,,"select,insert,update,references",,"NEVER",NULL
"def","db_ura","mst_godown","is_active","3","NULL","YES","varchar","45","45",NULL,NULL,NULL,"latin1","latin1_swedish_ci","varchar(45)",,,"select,insert,update,references",,"NEVER",NULL
"def","db_ura","mst_godown","created_at","4","NULL","YES","varchar","45","45",NULL,NULL,NULL,"latin1","latin1_swedish_ci","varchar(45)",,,"select,insert,update,references","		","NEVER",NULL
"def","db_ura","mst_godown","updated_at","5","NULL","YES","datetime",NULL,NULL,NULL,NULL,"0",NULL,NULL,"datetime",,,"select,insert,update,references",,"NEVER",NULL
"def","db_ura","mst_invoice","id","1",NULL,"NO","int",NULL,NULL,"10","0",NULL,NULL,NULL,"int(10)","PRI","auto_increment","select,insert,update,references",,"NEVER",NULL
"def","db_ura","mst_invoice","trans_exceldata_hdr_id","2",NULL,"NO","int",NULL,NULL,"10","0",NULL,NULL,NULL,"int(6)",,,"select,insert,update,references",,"NEVER",NULL
"def","db_ura","mst_invoice","voucher_number","3","NULL","YES","varchar","45","135",NULL,NULL,NULL,"utf8","utf8_unicode_ci","varchar(45)",,,"select,insert,update,references",,"NEVER",NULL
"def","db_ura","mst_invoice","invoice_id","4","NULL","YES","varchar","45","135",NULL,NULL,NULL,"utf8","utf8_unicode_ci","varchar(45)",,,"select,insert,update,references",,"NEVER",NULL
"def","db_ura","mst_invoice","godown_id","5","NULL","YES","varchar","45","135",NULL,NULL,NULL,"utf8","utf8_unicode_ci","varchar(45)",,,"select,insert,update,references",,"NEVER",NULL
"def","db_ura","mst_invoice","tin","6","NULL","YES","varchar","45","135",NULL,NULL,NULL,"utf8","utf8_unicode_ci","varchar(45)",,,"select,insert,update,references",,"NEVER",NULL
"def","db_ura","mst_invoice","qr_code","7","NULL","YES","varchar","255","765",NULL,NULL,NULL,"utf8","utf8_unicode_ci","varchar(255)",,,"select,insert,update,references",,"NEVER",NULL
"def","db_ura","mst_invoice","antifakeCode","8","NULL","YES","varchar","45","135",NULL,NULL,NULL,"utf8","utf8_unicode_ci","varchar(45)",,,"select,insert,update,references",,"NEVER",NULL
"def","db_ura","mst_invoice","invoiceNo","9","NULL","YES","varchar","45","135",NULL,NULL,NULL,"utf8","utf8_unicode_ci","varchar(45)",,,"select,insert,update,references",,"NEVER",NULL
"def","db_ura","mst_invoice","error_code","10","NULL","YES","varchar","45","135",NULL,NULL,NULL,"utf8","utf8_unicode_ci","varchar(45)",,,"select,insert,update,references",,"NEVER",NULL
"def","db_ura","mst_invoice","error_message","11","NULL","YES","text","65535","65535",NULL,NULL,NULL,"utf8","utf8_unicode_ci","text",,,"select,insert,update,references",,"NEVER",NULL
"def","db_ura","mst_invoice","pdf","12","NULL","YES","varchar","255","765",NULL,NULL,NULL,"utf8","utf8_unicode_ci","varchar(255)",,,"select,insert,update,references",,"NEVER",NULL
"def","db_ura","mst_invoice","created_at","13","NULL","YES","datetime",NULL,NULL,NULL,NULL,"0",NULL,NULL,"datetime",,,"select,insert,update,references",,"NEVER",NULL
"def","db_ura","mst_invoice","updated_at","14","NULL","YES","datetime",NULL,NULL,NULL,NULL,"0",NULL,NULL,"datetime",,,"select,insert,update,references",,"NEVER",NULL
"def","db_ura","mst_payment","id","1",NULL,"NO","int",NULL,NULL,"10","0",NULL,NULL,NULL,"int(11)","PRI","auto_increment","select,insert,update,references",,"NEVER",NULL
"def","db_ura","mst_payment","name","2","NULL","YES","varchar","255","1020",NULL,NULL,NULL,"utf8mb4","utf8mb4_general_ci","varchar(255)",,,"select,insert,update,references",,"NEVER",NULL
"def","db_ura","mst_payment","key","3","NULL","YES","varchar","45","180",NULL,NULL,NULL,"utf8mb4","utf8mb4_general_ci","varchar(45)",,,"select,insert,update,references",,"NEVER",NULL
"def","db_ura","mst_payment","is_active","4","NULL","YES","varchar","45","180",NULL,NULL,NULL,"utf8mb4","utf8mb4_general_ci","varchar(45)",,,"select,insert,update,references",,"NEVER",NULL
"def","db_ura","mst_payment","created_at","5","NULL","YES","varchar","45","180",NULL,NULL,NULL,"utf8mb4","utf8mb4_general_ci","varchar(45)",,,"select,insert,update,references","		","NEVER",NULL
"def","db_ura","mst_payment","updated_at","6","NULL","YES","datetime",NULL,NULL,NULL,NULL,"0",NULL,NULL,"datetime",,,"select,insert,update,references",,"NEVER",NULL
"def","db_ura","mst_product","id","1",NULL,"NO","int",NULL,NULL,"10","0",NULL,NULL,NULL,"int(10)","PRI","auto_increment","select,insert,update,references",,"NEVER",NULL
"def","db_ura","mst_product","goods_code","2",NULL,"NO","varchar","25","25",NULL,NULL,NULL,"latin1","latin1_swedish_ci","varchar(25)",,,"select,insert,update,references","{""goodsName"":""banana juice"",""goodsCode"":""p004"",""measureUnit"":""101"",""unitPrice"":""2000"",
""currency"":""101"",""commodityCategoryId"":""10111301"",""haveExciseTax"":""102"",""description"":""na"",
""stockPrewarning"":""0"",""pieceMeasureUnit"":""101"",""havePieceUnit"":""101"",""pieceUnitPrice"":""100"",
""packageScaledValue"":""1"",""pieceScaledValue"":""1"",""exciseDutyCode"":""""}","NEVER",NULL
"def","db_ura","mst_product","goods_name","3",NULL,"NO","varchar","100","100",NULL,NULL,NULL,"latin1","latin1_swedish_ci","varchar(100)",,,"select,insert,update,references",,"NEVER",NULL
"def","db_ura","mst_product","prod_id","4",NULL,"NO","int",NULL,NULL,"10","0",NULL,NULL,NULL,"int(11)",,,"select,insert,update,references",,"NEVER",NULL
"def","db_ura","mst_product","batch_id","5","NULL","YES","varchar","45","45",NULL,NULL,NULL,"latin1","latin1_swedish_ci","varchar(45)",,,"select,insert,update,references",,"NEVER",NULL
"def","db_ura","mst_product","commodityCategoryId","6","NULL","YES","varchar","45","45",NULL,NULL,NULL,"latin1","latin1_swedish_ci","varchar(45)",,,"select,insert,update,references",,"NEVER",NULL
"def","db_ura","mst_product","createdAt","7","NULL","YES","datetime",NULL,NULL,NULL,NULL,"0",NULL,NULL,"datetime",,,"select,insert,update,references",,"NEVER",NULL
"def","db_ura","mst_product","updatedAt","8","NULL","YES","datetime",NULL,NULL,NULL,NULL,"0",NULL,NULL,"datetime",,,"select,insert,update,references",,"NEVER",NULL
"def","db_ura","mst_product","is_active","9","1","YES","int",NULL,NULL,"10","0",NULL,NULL,NULL,"int(1)",,,"select,insert,update,references",,"NEVER",NULL
"def","db_ura","mst_product","measureUnit","10","NULL","YES","varchar","45","45",NULL,NULL,NULL,"latin1","latin1_swedish_ci","varchar(45)",,,"select,insert,update,references",,"NEVER",NULL
"def","db_ura","mst_product","unitPrice","11","NULL","YES","varchar","45","45",NULL,NULL,NULL,"latin1","latin1_swedish_ci","varchar(45)",,,"select,insert,update,references",,"NEVER",NULL
"def","db_ura","mst_product","currency","12","NULL","YES","varchar","45","45",NULL,NULL,NULL,"latin1","latin1_swedish_ci","varchar(45)",,,"select,insert,update,references",,"NEVER",NULL
"def","db_ura","mst_product","haveExciseTax","13","NULL","YES","varchar","45","45",NULL,NULL,NULL,"latin1","latin1_swedish_ci","varchar(45)",,,"select,insert,update,references",,"NEVER",NULL
"def","db_ura","mst_product","description","14","NULL","YES","varchar","100","100",NULL,NULL,NULL,"latin1","latin1_swedish_ci","varchar(100)",,,"select,insert,update,references",,"NEVER",NULL
"def","db_ura","mst_product","stockPrewarning","15","NULL","YES","varchar","45","45",NULL,NULL,NULL,"latin1","latin1_swedish_ci","varchar(45)",,,"select,insert,update,references",,"NEVER",NULL
"def","db_ura","mst_product","pieceMeasureUnit","16","NULL","YES","varchar","45","45",NULL,NULL,NULL,"latin1","latin1_swedish_ci","varchar(45)",,,"select,insert,update,references",,"NEVER",NULL
"def","db_ura","mst_product","havePieceUnit","17","NULL","YES","varchar","45","45",NULL,NULL,NULL,"latin1","latin1_swedish_ci","varchar(45)",,,"select,insert,update,references",,"NEVER",NULL
"def","db_ura","mst_product","pieceUnitPrice","18","NULL","YES","varchar","45","45",NULL,NULL,NULL,"latin1","latin1_swedish_ci","varchar(45)",,,"select,insert,update,references",,"NEVER",NULL
"def","db_ura","mst_product","packageScaledValue","19","NULL","YES","varchar","45","45",NULL,NULL,NULL,"latin1","latin1_swedish_ci","varchar(45)",,,"select,insert,update,references",,"NEVER",NULL
"def","db_ura","mst_product","pieceScaledValue","20","NULL","YES","varchar","45","45",NULL,NULL,NULL,"latin1","latin1_swedish_ci","varchar(45)",,,"select,insert,update,references",,"NEVER",NULL
"def","db_ura","mst_product","exciseDutyCode","21","NULL","YES","varchar","45","45",NULL,NULL,NULL,"latin1","latin1_swedish_ci","varchar(45)",,,"select,insert,update,references",,"NEVER",NULL
"def","db_ura","mst_product_creates","id","1",NULL,"NO","int",NULL,NULL,"10","0",NULL,NULL,NULL,"int(8)","PRI","auto_increment","select,insert,update,references",,"NEVER",NULL
"def","db_ura","mst_product_creates","trans_batch_id","2","NULL","YES","int",NULL,NULL,"10","0",NULL,NULL,NULL,"int(6)",,,"select,insert,update,references",,"NEVER",NULL
"def","db_ura","mst_product_creates","json_single_array","3","NULL","YES","text","65535","65535",NULL,NULL,NULL,"latin1","latin1_swedish_ci","text",,,"select,insert,update,references",,"NEVER",NULL
"def","db_ura","mst_product_creates","json_single_array_encoded","4","NULL","YES","text","65535","65535",NULL,NULL,NULL,"latin1","latin1_swedish_ci","text",,,"select,insert,update,references",,"NEVER",NULL
"def","db_ura","mst_product_creates","api_response","5","NULL","YES","text","65535","65535",NULL,NULL,NULL,"latin1","latin1_swedish_ci","text",,,"select,insert,update,references",,"NEVER",NULL
"def","db_ura","mst_product_creates","error_code","6","NULL","YES","varchar","45","45",NULL,NULL,NULL,"latin1","latin1_swedish_ci","varchar(45)",,,"select,insert,update,references",,"NEVER",NULL
"def","db_ura","mst_product_creates","error_message","7","NULL","YES","text","65535","65535",NULL,NULL,NULL,"latin1","latin1_swedish_ci","text",,,"select,insert,update,references",,"NEVER",NULL
"def","db_ura","mst_product_creates","created_at","8","NULL","YES","datetime",NULL,NULL,NULL,NULL,"0",NULL,NULL,"datetime",,,"select,insert,update,references",,"NEVER",NULL
"def","db_ura","mst_product_creates","updated_at","9","NULL","YES","datetime",NULL,NULL,NULL,NULL,"0",NULL,NULL,"datetime",,,"select,insert,update,references",,"NEVER",NULL
"def","db_ura","mst_purchases","id","1",NULL,"NO","int",NULL,NULL,"10","0",NULL,NULL,NULL,"int(8)","PRI","auto_increment","select,insert,update,references",,"NEVER",NULL
"def","db_ura","mst_purchases","trans_batch_id","2","NULL","YES","int",NULL,NULL,"10","0",NULL,NULL,NULL,"int(6)",,,"select,insert,update,references",,"NEVER",NULL
"def","db_ura","mst_purchases","voucher_number","3","NULL","YES","varchar","45","45",NULL,NULL,NULL,"latin1","latin1_swedish_ci","varchar(45)",,,"select,insert,update,references",,"NEVER",NULL
"def","db_ura","mst_purchases","telly_mst_id","4","NULL","YES","varchar","45","45",NULL,NULL,NULL,"latin1","latin1_swedish_ci","varchar(45)",,,"select,insert,update,references",,"NEVER",NULL
"def","db_ura","mst_purchases","spp_inv_no","5","NULL","YES","varchar","45","45",NULL,NULL,NULL,"latin1","latin1_swedish_ci","varchar(45)",,,"select,insert,update,references",,"NEVER",NULL
"def","db_ura","mst_purchases","json_single_array","6","NULL","YES","text","65535","65535",NULL,NULL,NULL,"latin1","latin1_swedish_ci","text",,,"select,insert,update,references",,"NEVER",NULL
"def","db_ura","mst_purchases","json_single_array_encoded","7","NULL","YES","text","65535","65535",NULL,NULL,NULL,"latin1","latin1_swedish_ci","text",,,"select,insert,update,references",,"NEVER",NULL
"def","db_ura","mst_purchases","is_correct","8","0","YES","int",NULL,NULL,"10","0",NULL,NULL,NULL,"int(1)",,,"select,insert,update,references",,"NEVER",NULL
"def","db_ura","mst_purchases","api_response","9","NULL","YES","text","65535","65535",NULL,NULL,NULL,"latin1","latin1_swedish_ci","text",,,"select,insert,update,references",,"NEVER",NULL
"def","db_ura","mst_purchases","error_code","10","NULL","YES","varchar","45","45",NULL,NULL,NULL,"latin1","latin1_swedish_ci","varchar(45)",,,"select,insert,update,references",,"NEVER",NULL
"def","db_ura","mst_purchases","error_message","11","NULL","YES","text","65535","65535",NULL,NULL,NULL,"latin1","latin1_swedish_ci","text",,,"select,insert,update,references",,"NEVER",NULL
"def","db_ura","mst_purchases","created_at","12","NULL","YES","datetime",NULL,NULL,NULL,NULL,"0",NULL,NULL,"datetime",,,"select,insert,update,references",,"NEVER",NULL
"def","db_ura","mst_purchases","updated_at","13","NULL","YES","datetime",NULL,NULL,NULL,NULL,"0",NULL,NULL,"datetime",,,"select,insert,update,references",,"NEVER",NULL
"def","db_ura","mst_report","report_id","1",NULL,"NO","int",NULL,NULL,"10","0",NULL,NULL,NULL,"int(11)","PRI","auto_increment","select,insert,update,references",,"NEVER",NULL
"def","db_ura","mst_report","report_name","2",NULL,"NO","varchar","100","100",NULL,NULL,NULL,"latin1","latin1_swedish_ci","varchar(100)",,,"select,insert,update,references",,"NEVER",NULL
"def","db_ura","mst_report","report_view","3",NULL,"NO","varchar","100","100",NULL,NULL,NULL,"latin1","latin1_swedish_ci","varchar(100)",,,"select,insert,update,references",,"NEVER",NULL
"def","db_ura","mst_report","filters","4","NULL","YES","text","65535","65535",NULL,NULL,NULL,"latin1","latin1_swedish_ci","text",,,"select,insert,update,references",,"NEVER",NULL
"def","db_ura","mst_report","headers","5","NULL","YES","text","65535","65535",NULL,NULL,NULL,"latin1","latin1_swedish_ci","text",,,"select,insert,update,references",,"NEVER",NULL
"def","db_ura","mst_report","columns","6","NULL","YES","text","65535","65535",NULL,NULL,NULL,"latin1","latin1_swedish_ci","text",,,"select,insert,update,references",,"NEVER",NULL
"def","db_ura","mst_report","Title","7","NULL","YES","varchar","45","45",NULL,NULL,NULL,"latin1","latin1_swedish_ci","varchar(45)",,,"select,insert,update,references",,"NEVER",NULL
"def","db_ura","mst_role","role_id","1",NULL,"NO","int",NULL,NULL,"10","0",NULL,NULL,NULL,"int(2)","PRI","auto_increment","select,insert,update,references",,"NEVER",NULL
"def","db_ura","mst_role","role_name","2","NULL","YES","varchar","45","45",NULL,NULL,NULL,"latin1","latin1_swedish_ci","varchar(45)",,,"select,insert,update,references",,"NEVER",NULL
"def","db_ura","mst_role","role_access","3","NULL","YES","text","65535","65535",NULL,NULL,NULL,"latin1","latin1_swedish_ci","text",,,"select,insert,update,references",,"NEVER",NULL
"def","db_ura","mst_role","php_access","4","NULL","YES","text","65535","65535",NULL,NULL,NULL,"latin1","latin1_swedish_ci","text",,,"select,insert,update,references",,"NEVER",NULL
"def","db_ura","mst_role","mobile_access","5","NULL","YES","text","65535","65535",NULL,NULL,NULL,"latin1","latin1_swedish_ci","text",,,"select,insert,update,references",,"NEVER",NULL
"def","db_ura","mst_role","is_active","6","NULL","YES","int",NULL,NULL,"10","0",NULL,NULL,NULL,"int(1)",,,"select,insert,update,references",,"NEVER",NULL
"def","db_ura","mst_role","createdBy","7","NULL","YES","varchar","45","45",NULL,NULL,NULL,"latin1","latin1_swedish_ci","varchar(45)",,,"select,insert,update,references",,"NEVER",NULL
"def","db_ura","mst_role","updatedBy","8","NULL","YES","varchar","45","45",NULL,NULL,NULL,"latin1","latin1_swedish_ci","varchar(45)",,,"select,insert,update,references",,"NEVER",NULL
"def","db_ura","mst_role","createdAt","9",NULL,"NO","datetime",NULL,NULL,NULL,NULL,"0",NULL,NULL,"datetime",,,"select,insert,update,references",,"NEVER",NULL
"def","db_ura","mst_role","updatedAt","10",NULL,"NO","datetime",NULL,NULL,NULL,NULL,"0",NULL,NULL,"datetime",,,"select,insert,update,references",,"NEVER",NULL
"def","db_ura","mst_salesman_invoice","id","1",NULL,"NO","int",NULL,NULL,"10","0",NULL,NULL,NULL,"int(10)","PRI","auto_increment","select,insert,update,references",,"NEVER",NULL
"def","db_ura","mst_salesman_invoice","trip_id","2",NULL,"NO","int",NULL,NULL,"10","0",NULL,NULL,NULL,"int(6)",,,"select,insert,update,references",,"NEVER",NULL
"def","db_ura","mst_salesman_invoice","salesman_id","3",NULL,"NO","int",NULL,NULL,"10","0",NULL,NULL,NULL,"int(6)",,,"select,insert,update,references",,"NEVER",NULL
"def","db_ura","mst_salesman_invoice","gdw_id","4","NULL","YES","int",NULL,NULL,"10","0",NULL,NULL,NULL,"int(11)",,,"select,insert,update,references",,"NEVER",NULL
"def","db_ura","mst_salesman_invoice","voucher_number","5","NULL","YES","varchar","45","135",NULL,NULL,NULL,"utf8","utf8_unicode_ci","varchar(45)",,,"select,insert,update,references",,"NEVER",NULL
"def","db_ura","mst_salesman_invoice","json_single_array","6","NULL","YES","text","65535","65535",NULL,NULL,NULL,"utf8","utf8_unicode_ci","text",,,"select,insert,update,references",,"NEVER",NULL
"def","db_ura","mst_salesman_invoice","json_single_array_encoded","7","NULL","YES","text","65535","65535",NULL,NULL,NULL,"utf8","utf8_unicode_ci","text",,,"select,insert,update,references",,"NEVER",NULL
"def","db_ura","mst_salesman_invoice","api_response","8","NULL","YES","text","65535","65535",NULL,NULL,NULL,"utf8","utf8_unicode_ci","text",,,"select,insert,update,references",,"NEVER",NULL
"def","db_ura","mst_salesman_invoice","invoice_id","9","NULL","YES","varchar","45","135",NULL,NULL,NULL,"utf8","utf8_unicode_ci","varchar(45)",,,"select,insert,update,references",,"NEVER",NULL
"def","db_ura","mst_salesman_invoice","tin","10","NULL","YES","varchar","45","135",NULL,NULL,NULL,"utf8","utf8_unicode_ci","varchar(45)",,,"select,insert,update,references",,"NEVER",NULL
"def","db_ura","mst_salesman_invoice","qr_code","11","NULL","YES","varchar","255","765",NULL,NULL,NULL,"utf8","utf8_unicode_ci","varchar(255)",,,"select,insert,update,references",,"NEVER",NULL
"def","db_ura","mst_salesman_invoice","antifakeCode","12","NULL","YES","varchar","45","135",NULL,NULL,NULL,"utf8","utf8_unicode_ci","varchar(45)",,,"select,insert,update,references",,"NEVER",NULL
"def","db_ura","mst_salesman_invoice","invoiceNo","13","NULL","YES","varchar","45","135",NULL,NULL,NULL,"utf8","utf8_unicode_ci","varchar(45)",,,"select,insert,update,references",,"NEVER",NULL
"def","db_ura","mst_salesman_invoice","error_code","14","NULL","YES","varchar","45","135",NULL,NULL,NULL,"utf8","utf8_unicode_ci","varchar(45)",,,"select,insert,update,references",,"NEVER",NULL
"def","db_ura","mst_salesman_invoice","error_message","15","NULL","YES","text","65535","65535",NULL,NULL,NULL,"utf8","utf8_unicode_ci","text",,,"select,insert,update,references",,"NEVER",NULL
"def","db_ura","mst_salesman_invoice","pdf","16","NULL","YES","varchar","255","765",NULL,NULL,NULL,"utf8","utf8_unicode_ci","varchar(255)",,,"select,insert,update,references",,"NEVER",NULL
"def","db_ura","mst_salesman_invoice","is_active","17","1","NO","int",NULL,NULL,"10","0",NULL,NULL,NULL,"int(1)",,,"select,insert,update,references",,"NEVER",NULL
"def","db_ura","mst_salesman_invoice","created_at","18","NULL","YES","text","65535","65535",NULL,NULL,NULL,"utf8","utf8_unicode_ci","text",,,"select,insert,update,references",,"NEVER",NULL
"def","db_ura","mst_salesman_invoice","updated_at","19","NULL","YES","text","65535","65535",NULL,NULL,NULL,"utf8","utf8_unicode_ci","text",,,"select,insert,update,references",,"NEVER",NULL
"def","db_ura","mst_sales_man","sales_man_id","1",NULL,"NO","int",NULL,NULL,"10","0",NULL,NULL,NULL,"int(11)","PRI","auto_increment","select,insert,update,references",,"NEVER",NULL
"def","db_ura","mst_sales_man","name","2","NULL","YES","varchar","105","315",NULL,NULL,NULL,"utf8","utf8_unicode_ci","varchar(105)",,,"select,insert,update,references",,"NEVER",NULL
"def","db_ura","mst_sales_man","mobile","3","NULL","YES","varchar","15","45",NULL,NULL,NULL,"utf8","utf8_unicode_ci","varchar(15)",,,"select,insert,update,references",,"NEVER",NULL
"def","db_ura","mst_sales_man","pin","4","NULL","YES","varchar","100","300",NULL,NULL,NULL,"utf8","utf8_unicode_ci","varchar(100)",,,"select,insert,update,references",,"NEVER",NULL
"def","db_ura","mst_sales_man","otp","5","NULL","YES","int",NULL,NULL,"10","0",NULL,NULL,NULL,"int(11)",,,"select,insert,update,references",,"NEVER",NULL
"def","db_ura","mst_sales_man","price","6","0","YES","int",NULL,NULL,"10","0",NULL,NULL,NULL,"int(15)",,,"select,insert,update,references",,"NEVER",NULL
"def","db_ura","mst_sales_man","device_id","7","NULL","YES","varchar","200","600",NULL,NULL,NULL,"utf8","utf8_unicode_ci","varchar(200)",,,"select,insert,update,references",,"NEVER",NULL
"def","db_ura","mst_sales_man","fcm","8","NULL","YES","varchar","100","300",NULL,NULL,NULL,"utf8","utf8_unicode_ci","varchar(100)",,,"select,insert,update,references",,"NEVER",NULL
"def","db_ura","mst_sales_man","env_info","9","NULL","YES","varchar","451","1353",NULL,NULL,NULL,"utf8","utf8_unicode_ci","varchar(451)",,,"select,insert,update,references",,"NEVER",NULL
"def","db_ura","mst_sales_man","last_login","10","NULL","YES","datetime",NULL,NULL,NULL,NULL,"0",NULL,NULL,"datetime",,,"select,insert,update,references",,"NEVER",NULL
"def","db_ura","mst_sales_man","version_info","11","NULL","YES","varchar","205","615",NULL,NULL,NULL,"utf8","utf8_unicode_ci","varchar(205)",,,"select,insert,update,references",,"NEVER",NULL
"def","db_ura","mst_sales_man","other_info","12","NULL","YES","varchar","500","1500",NULL,NULL,NULL,"utf8","utf8_unicode_ci","varchar(500)",,,"select,insert,update,references",,"NEVER",NULL
"def","db_ura","mst_sales_man","is_active","13","1","YES","int",NULL,NULL,"10","0",NULL,NULL,NULL,"int(11)",,,"select,insert,update,references",,"NEVER",NULL
"def","db_ura","mst_sales_man","created_by","14","NULL","YES","varchar","45","135",NULL,NULL,NULL,"utf8","utf8_unicode_ci","varchar(45)",,,"select,insert,update,references",,"NEVER",NULL
"def","db_ura","mst_sales_man","updated_by","15","NULL","YES","varchar","45","135",NULL,NULL,NULL,"utf8","utf8_unicode_ci","varchar(45)",,,"select,insert,update,references",,"NEVER",NULL
"def","db_ura","mst_sales_man","created_at","16","NULL","YES","datetime",NULL,NULL,NULL,NULL,"0",NULL,NULL,"datetime",,,"select,insert,update,references",,"NEVER",NULL
"def","db_ura","mst_sales_man","updated_at","17","NULL","YES","datetime",NULL,NULL,NULL,NULL,"0",NULL,NULL,"datetime",,,"select,insert,update,references",,"NEVER",NULL
"def","db_ura","mst_sales_man","gdw_id","18","NULL","YES","int",NULL,NULL,"10","0",NULL,NULL,NULL,"int(11)",,,"select,insert,update,references",,"NEVER",NULL
"def","db_ura","mst_schedulers","id","1",NULL,"NO","int",NULL,NULL,"10","0",NULL,NULL,NULL,"int(8)","PRI","auto_increment","select,insert,update,references",,"NEVER",NULL
"def","db_ura","mst_schedulers","name","2",NULL,"NO","varchar","45","45",NULL,NULL,NULL,"latin1","latin1_swedish_ci","varchar(45)",,,"select,insert,update,references",,"NEVER",NULL
"def","db_ura","mst_schedulers","log_mode","3",NULL,"NO","varchar","10","10",NULL,NULL,NULL,"latin1","latin1_swedish_ci","varchar(10)",,,"select,insert,update,references",,"NEVER",NULL
"def","db_ura","mst_schedulers","status","4","0","NO","int",NULL,NULL,"10","0",NULL,NULL,NULL,"int(1)",,,"select,insert,update,references",,"NEVER",NULL
"def","db_ura","mst_schedulers","created_at","5",NULL,"NO","datetime",NULL,NULL,NULL,NULL,"0",NULL,NULL,"datetime",,,"select,insert,update,references",,"NEVER",NULL
"def","db_ura","mst_schedulers","updated_at","6","NULL","YES","datetime",NULL,NULL,NULL,NULL,"0",NULL,NULL,"datetime",,,"select,insert,update,references",,"NEVER",NULL
"def","db_ura","mst_seller","id","1",NULL,"NO","int",NULL,NULL,"10","0",NULL,NULL,NULL,"int(11)","PRI","auto_increment","select,insert,update,references",,"NEVER",NULL
"def","db_ura","mst_seller","tally_id","2",NULL,"NO","varchar","45","45",NULL,NULL,NULL,"latin1","latin1_swedish_ci","varchar(45)",,,"select,insert,update,references",,"NEVER",NULL
"def","db_ura","mst_seller","name","3",NULL,"NO","varchar","45","45",NULL,NULL,NULL,"latin1","latin1_swedish_ci","varchar(45)",,,"select,insert,update,references",,"NEVER",NULL
"def","db_ura","mst_seller","tin","4",NULL,"NO","varchar","45","45",NULL,NULL,NULL,"latin1","latin1_swedish_ci","varchar(45)",,,"select,insert,update,references",,"NEVER",NULL
"def","db_ura","mst_seller","customer_type","5","NULL","YES","varchar","45","45",NULL,NULL,NULL,"latin1","latin1_swedish_ci","varchar(45)",,,"select,insert,update,references",,"NEVER",NULL
"def","db_ura","mst_seller","is_active","6","1","NO","int",NULL,NULL,"10","0",NULL,NULL,NULL,"int(1)",,,"select,insert,update,references",,"NEVER",NULL
"def","db_ura","mst_seller","created_by","7","NULL","YES","int",NULL,NULL,"10","0",NULL,NULL,NULL,"int(1)",,,"select,insert,update,references",,"NEVER",NULL
"def","db_ura","mst_seller","createdAt","8","NULL","YES","datetime",NULL,NULL,NULL,NULL,"0",NULL,NULL,"datetime",,,"select,insert,update,references",,"NEVER",NULL
"def","db_ura","mst_seller","updated_by","9","NULL","YES","int",NULL,NULL,"10","0",NULL,NULL,NULL,"int(1)",,,"select,insert,update,references",,"NEVER",NULL
"def","db_ura","mst_seller","updatedAt","10","NULL","YES","datetime",NULL,NULL,NULL,NULL,"0",NULL,NULL,"datetime",,,"select,insert,update,references",,"NEVER",NULL
"def","db_ura","mst_tax","id","1",NULL,"NO","int",NULL,NULL,"10","0",NULL,NULL,NULL,"int(11)","PRI","auto_increment","select,insert,update,references",,"NEVER",NULL
"def","db_ura","mst_tax","name","2","NULL","YES","varchar","505","505",NULL,NULL,NULL,"latin1","latin1_swedish_ci","varchar(505)",,,"select,insert,update,references",,"NEVER",NULL
"def","db_ura","mst_tax","category_code","3","NULL","YES","varchar","255","255",NULL,NULL,NULL,"latin1","latin1_swedish_ci","varchar(255)",,,"select,insert,update,references",,"NEVER",NULL
"def","db_ura","mst_tax","tax","4","NULL","YES","varchar","255","255",NULL,NULL,NULL,"latin1","latin1_swedish_ci","varchar(255)",,,"select,insert,update,references",,"NEVER",NULL
"def","db_ura","mst_tax","commodity_type","5","NULL","YES","varchar","255","255",NULL,NULL,NULL,"latin1","latin1_swedish_ci","varchar(255)",,,"select,insert,update,references",,"NEVER",NULL
"def","db_ura","mst_tax","tax_type","6","NULL","YES","varchar","255","255",NULL,NULL,NULL,"latin1","latin1_swedish_ci","varchar(255)",,,"select,insert,update,references",,"NEVER",NULL
"def","db_ura","mst_tax","is_active","7","NULL","YES","varchar","45","45",NULL,NULL,NULL,"latin1","latin1_swedish_ci","varchar(45)",,,"select,insert,update,references",,"NEVER",NULL
"def","db_ura","mst_user","user_id","1",NULL,"NO","int",NULL,NULL,"10","0",NULL,NULL,NULL,"int(6)","PRI","auto_increment","select,insert,update,references",,"NEVER",NULL
"def","db_ura","mst_user","name","2","NULL","YES","varchar","50","50",NULL,NULL,NULL,"latin1","latin1_swedish_ci","varchar(50)",,,"select,insert,update,references",,"NEVER",NULL
"def","db_ura","mst_user","otp","3","NULL","YES","varchar","6","6",NULL,NULL,NULL,"latin1","latin1_swedish_ci","varchar(6)",,,"select,insert,update,references",,"NEVER",NULL
"def","db_ura","mst_user","mobile","4","NULL","YES","varchar","15","15",NULL,NULL,NULL,"latin1","latin1_swedish_ci","varchar(15)",,,"select,insert,update,references",,"NEVER",NULL
"def","db_ura","mst_user","role_id","5","NULL","YES","int",NULL,NULL,"10","0",NULL,NULL,NULL,"int(2)",,,"select,insert,update,references",,"NEVER",NULL
"def","db_ura","mst_user","comp_id","6","NULL","YES","int",NULL,NULL,"10","0",NULL,NULL,NULL,"int(6)",,,"select,insert,update,references",,"NEVER",NULL
"def","db_ura","mst_user","fcm","7","NULL","YES","varchar","250","250",NULL,NULL,NULL,"latin1","latin1_swedish_ci","varchar(250)",,,"select,insert,update,references",,"NEVER",NULL
"def","db_ura","mst_user","password","8","NULL","YES","varchar","250","250",NULL,NULL,NULL,"latin1","latin1_swedish_ci","varchar(250)",,,"select,insert,update,references",,"NEVER",NULL
"def","db_ura","mst_user","is_active","9","NULL","YES","int",NULL,NULL,"10","0",NULL,NULL,NULL,"int(1)",,,"select,insert,update,references",,"NEVER",NULL
"def","db_ura","mst_user","source","10","1","YES","tinyint",NULL,NULL,"3","0",NULL,NULL,NULL,"tinyint(1)",,,"select,insert,update,references","1: From Web
2: From API","NEVER",NULL
"def","db_ura","mst_user","created_by","11","NULL","YES","varchar","50","50",NULL,NULL,NULL,"latin1","latin1_swedish_ci","varchar(50)",,,"select,insert,update,references",,"NEVER",NULL
"def","db_ura","mst_user","updated_by","12","NULL","YES","varchar","50","50",NULL,NULL,NULL,"latin1","latin1_swedish_ci","varchar(50)",,,"select,insert,update,references",,"NEVER",NULL
"def","db_ura","mst_user","envinfo","13","NULL","YES","varchar","20","20",NULL,NULL,NULL,"latin1","latin1_swedish_ci","varchar(20)",,,"select,insert,update,references",,"NEVER",NULL
"def","db_ura","mst_user","versioninfo","14","NULL","YES","varchar","20","20",NULL,NULL,NULL,"latin1","latin1_swedish_ci","varchar(20)",,,"select,insert,update,references",,"NEVER",NULL
"def","db_ura","mst_user","otherinfo","15","NULL","YES","varchar","500","500",NULL,NULL,NULL,"latin1","latin1_swedish_ci","varchar(500)",,,"select,insert,update,references",,"NEVER",NULL
"def","db_ura","mst_user","createdAt","16",NULL,"NO","datetime",NULL,NULL,NULL,NULL,"0",NULL,NULL,"datetime",,,"select,insert,update,references",,"NEVER",NULL
"def","db_ura","mst_user","updatedAt","17",NULL,"NO","datetime",NULL,NULL,NULL,NULL,"0",NULL,NULL,"datetime",,,"select,insert,update,references",,"NEVER",NULL
"def","db_ura","mst_user","gdw","18","NULL","YES","int",NULL,NULL,"10","0",NULL,NULL,NULL,"int(11)",,,"select,insert,update,references",,"NEVER",NULL
"def","db_ura","oauth_access_tokens","id","1",NULL,"NO","varchar","100","400",NULL,NULL,NULL,"utf8mb4","utf8mb4_unicode_ci","varchar(100)","PRI",,"select,insert,update,references",,"NEVER",NULL
"def","db_ura","oauth_access_tokens","user_id","2","NULL","YES","bigint",NULL,NULL,"20","0",NULL,NULL,NULL,"bigint(20) unsigned","MUL",,"select,insert,update,references",,"NEVER",NULL
"def","db_ura","oauth_access_tokens","client_id","3",NULL,"NO","bigint",NULL,NULL,"20","0",NULL,NULL,NULL,"bigint(20) unsigned",,,"select,insert,update,references",,"NEVER",NULL
"def","db_ura","oauth_access_tokens","name","4","NULL","YES","varchar","255","1020",NULL,NULL,NULL,"utf8mb4","utf8mb4_unicode_ci","varchar(255)",,,"select,insert,update,references",,"NEVER",NULL
"def","db_ura","oauth_access_tokens","scopes","5","NULL","YES","text","65535","65535",NULL,NULL,NULL,"utf8mb4","utf8mb4_unicode_ci","text",,,"select,insert,update,references",,"NEVER",NULL
"def","db_ura","oauth_access_tokens","revoked","6",NULL,"NO","tinyint",NULL,NULL,"3","0",NULL,NULL,NULL,"tinyint(1)",,,"select,insert,update,references",,"NEVER",NULL
"def","db_ura","oauth_access_tokens","created_at","7","NULL","YES","timestamp",NULL,NULL,NULL,NULL,"0",NULL,NULL,"timestamp",,,"select,insert,update,references",,"NEVER",NULL
"def","db_ura","oauth_access_tokens","updated_at","8","NULL","YES","timestamp",NULL,NULL,NULL,NULL,"0",NULL,NULL,"timestamp",,,"select,insert,update,references",,"NEVER",NULL
"def","db_ura","oauth_access_tokens","expires_at","9","NULL","YES","datetime",NULL,NULL,NULL,NULL,"0",NULL,NULL,"datetime",,,"select,insert,update,references",,"NEVER",NULL
"def","db_ura","oauth_auth_codes","id","1",NULL,"NO","varchar","100","400",NULL,NULL,NULL,"utf8mb4","utf8mb4_unicode_ci","varchar(100)","PRI",,"select,insert,update,references",,"NEVER",NULL
"def","db_ura","oauth_auth_codes","user_id","2",NULL,"NO","bigint",NULL,NULL,"20","0",NULL,NULL,NULL,"bigint(20) unsigned","MUL",,"select,insert,update,references",,"NEVER",NULL
"def","db_ura","oauth_auth_codes","client_id","3",NULL,"NO","bigint",NULL,NULL,"20","0",NULL,NULL,NULL,"bigint(20) unsigned",,,"select,insert,update,references",,"NEVER",NULL
"def","db_ura","oauth_auth_codes","scopes","4","NULL","YES","text","65535","65535",NULL,NULL,NULL,"utf8mb4","utf8mb4_unicode_ci","text",,,"select,insert,update,references",,"NEVER",NULL
"def","db_ura","oauth_auth_codes","revoked","5",NULL,"NO","tinyint",NULL,NULL,"3","0",NULL,NULL,NULL,"tinyint(1)",,,"select,insert,update,references",,"NEVER",NULL
"def","db_ura","oauth_auth_codes","expires_at","6","NULL","YES","datetime",NULL,NULL,NULL,NULL,"0",NULL,NULL,"datetime",,,"select,insert,update,references",,"NEVER",NULL
"def","db_ura","oauth_clients","id","1",NULL,"NO","bigint",NULL,NULL,"20","0",NULL,NULL,NULL,"bigint(20) unsigned","PRI","auto_increment","select,insert,update,references",,"NEVER",NULL
"def","db_ura","oauth_clients","user_id","2","NULL","YES","bigint",NULL,NULL,"20","0",NULL,NULL,NULL,"bigint(20) unsigned","MUL",,"select,insert,update,references",,"NEVER",NULL
"def","db_ura","oauth_clients","name","3",NULL,"NO","varchar","255","1020",NULL,NULL,NULL,"utf8mb4","utf8mb4_unicode_ci","varchar(255)",,,"select,insert,update,references",,"NEVER",NULL
"def","db_ura","oauth_clients","secret","4","NULL","YES","varchar","100","400",NULL,NULL,NULL,"utf8mb4","utf8mb4_unicode_ci","varchar(100)",,,"select,insert,update,references",,"NEVER",NULL
"def","db_ura","oauth_clients","provider","5","NULL","YES","varchar","255","1020",NULL,NULL,NULL,"utf8mb4","utf8mb4_unicode_ci","varchar(255)",,,"select,insert,update,references",,"NEVER",NULL
"def","db_ura","oauth_clients","redirect","6",NULL,"NO","text","65535","65535",NULL,NULL,NULL,"utf8mb4","utf8mb4_unicode_ci","text",,,"select,insert,update,references",,"NEVER",NULL
"def","db_ura","oauth_clients","personal_access_client","7",NULL,"NO","tinyint",NULL,NULL,"3","0",NULL,NULL,NULL,"tinyint(1)",,,"select,insert,update,references",,"NEVER",NULL
"def","db_ura","oauth_clients","password_client","8",NULL,"NO","tinyint",NULL,NULL,"3","0",NULL,NULL,NULL,"tinyint(1)",,,"select,insert,update,references",,"NEVER",NULL
"def","db_ura","oauth_clients","revoked","9",NULL,"NO","tinyint",NULL,NULL,"3","0",NULL,NULL,NULL,"tinyint(1)",,,"select,insert,update,references",,"NEVER",NULL
"def","db_ura","oauth_clients","created_at","10","NULL","YES","timestamp",NULL,NULL,NULL,NULL,"0",NULL,NULL,"timestamp",,,"select,insert,update,references",,"NEVER",NULL
"def","db_ura","oauth_clients","updated_at","11","NULL","YES","timestamp",NULL,NULL,NULL,NULL,"0",NULL,NULL,"timestamp",,,"select,insert,update,references",,"NEVER",NULL
"def","db_ura","oauth_personal_access_clients","id","1",NULL,"NO","bigint",NULL,NULL,"20","0",NULL,NULL,NULL,"bigint(20) unsigned","PRI","auto_increment","select,insert,update,references",,"NEVER",NULL
"def","db_ura","oauth_personal_access_clients","client_id","2",NULL,"NO","bigint",NULL,NULL,"20","0",NULL,NULL,NULL,"bigint(20) unsigned",,,"select,insert,update,references",,"NEVER",NULL
"def","db_ura","oauth_personal_access_clients","created_at","3","NULL","YES","timestamp",NULL,NULL,NULL,NULL,"0",NULL,NULL,"timestamp",,,"select,insert,update,references",,"NEVER",NULL
"def","db_ura","oauth_personal_access_clients","updated_at","4","NULL","YES","timestamp",NULL,NULL,NULL,NULL,"0",NULL,NULL,"timestamp",,,"select,insert,update,references",,"NEVER",NULL
"def","db_ura","oauth_refresh_tokens","id","1",NULL,"NO","varchar","100","400",NULL,NULL,NULL,"utf8mb4","utf8mb4_unicode_ci","varchar(100)","PRI",,"select,insert,update,references",,"NEVER",NULL
"def","db_ura","oauth_refresh_tokens","access_token_id","2",NULL,"NO","varchar","100","400",NULL,NULL,NULL,"utf8mb4","utf8mb4_unicode_ci","varchar(100)","MUL",,"select,insert,update,references",,"NEVER",NULL
"def","db_ura","oauth_refresh_tokens","revoked","3",NULL,"NO","tinyint",NULL,NULL,"3","0",NULL,NULL,NULL,"tinyint(1)",,,"select,insert,update,references",,"NEVER",NULL
"def","db_ura","oauth_refresh_tokens","expires_at","4","NULL","YES","datetime",NULL,NULL,NULL,NULL,"0",NULL,NULL,"datetime",,,"select,insert,update,references",,"NEVER",NULL
"def","db_ura","password_resets","email","1",NULL,"NO","varchar","255","1020",NULL,NULL,NULL,"utf8mb4","utf8mb4_unicode_ci","varchar(255)","MUL",,"select,insert,update,references",,"NEVER",NULL
"def","db_ura","password_resets","token","2",NULL,"NO","varchar","255","1020",NULL,NULL,NULL,"utf8mb4","utf8mb4_unicode_ci","varchar(255)",,,"select,insert,update,references",,"NEVER",NULL
"def","db_ura","password_resets","created_at","3","NULL","YES","timestamp",NULL,NULL,NULL,NULL,"0",NULL,NULL,"timestamp",,,"select,insert,update,references",,"NEVER",NULL
"def","db_ura","plt_common","ptl_id","1",NULL,"NO","int",NULL,NULL,"10","0",NULL,NULL,NULL,"int(6)","PRI","auto_increment","select,insert,update,references",,"NEVER",NULL
"def","db_ura","plt_common","plt_name","2","NULL","YES","varchar","50","50",NULL,NULL,NULL,"latin1","latin1_swedish_ci","varchar(50)",,,"select,insert,update,references",,"NEVER",NULL
"def","db_ura","plt_common","plt_val","3","NULL","YES","varchar","15","15",NULL,NULL,NULL,"latin1","latin1_swedish_ci","varchar(15)",,,"select,insert,update,references",,"NEVER",NULL
"def","db_ura","plt_common","plt_disp_val","4","NULL","YES","varchar","50","50",NULL,NULL,NULL,"latin1","latin1_swedish_ci","varchar(50)",,,"select,insert,update,references",,"NEVER",NULL
"def","db_ura","plt_common","plt_disp_priority","5","NULL","YES","int",NULL,NULL,"10","0",NULL,NULL,NULL,"int(3)",,,"select,insert,update,references",,"NEVER",NULL
"def","db_ura","plt_common","plt_data_type","6","NULL","YES","varchar","25","25",NULL,NULL,NULL,"latin1","latin1_swedish_ci","varchar(25)",,,"select,insert,update,references",,"NEVER",NULL
"def","db_ura","plt_common","is_active","7","NULL","YES","int",NULL,NULL,"10","0",NULL,NULL,NULL,"int(1)",,,"select,insert,update,references",,"NEVER",NULL
"def","db_ura","plt_common","created_by","8","NULL","YES","varchar","50","50",NULL,NULL,NULL,"latin1","latin1_swedish_ci","varchar(50)",,,"select,insert,update,references",,"NEVER",NULL
"def","db_ura","plt_common","updated_by","9","NULL","YES","varchar","50","50",NULL,NULL,NULL,"latin1","latin1_swedish_ci","varchar(50)",,,"select,insert,update,references",,"NEVER",NULL
"def","db_ura","plt_common","createdAt","10",NULL,"NO","datetime",NULL,NULL,NULL,NULL,"0",NULL,NULL,"datetime",,,"select,insert,update,references",,"NEVER",NULL
"def","db_ura","plt_common","updatedAt","11",NULL,"NO","datetime",NULL,NULL,NULL,NULL,"0",NULL,NULL,"datetime",,,"select,insert,update,references",,"NEVER",NULL
"def","db_ura","purchase_recon","id","1",NULL,"NO","int",NULL,NULL,"10","0",NULL,NULL,NULL,"int(11)","PRI","auto_increment","select,insert,update,references",,"NEVER",NULL
"def","db_ura","purchase_recon","file_name","2","NULL","YES","varchar","100","100",NULL,NULL,NULL,"latin1","latin1_swedish_ci","varchar(100)",,,"select,insert,update,references",,"NEVER",NULL
"def","db_ura","purchase_recon","file_type","3","NULL","YES","int",NULL,NULL,"10","0",NULL,NULL,NULL,"int(2)",,,"select,insert,update,references",,"NEVER",NULL
"def","db_ura","purchase_recon","date_from","4","NULL","YES","datetime",NULL,NULL,NULL,NULL,"0",NULL,NULL,"datetime",,,"select,insert,update,references",,"NEVER",NULL
"def","db_ura","purchase_recon","date_to","5","NULL","YES","datetime",NULL,NULL,NULL,NULL,"0",NULL,NULL,"datetime",,,"select,insert,update,references",,"NEVER",NULL
"def","db_ura","purchase_recon","is_active","6","1","YES","int",NULL,NULL,"10","0",NULL,NULL,NULL,"int(1)",,,"select,insert,update,references",,"NEVER",NULL
"def","db_ura","purchase_recon","created_by","7","NULL","YES","int",NULL,NULL,"10","0",NULL,NULL,NULL,"int(4)",,,"select,insert,update,references",,"NEVER",NULL
"def","db_ura","purchase_recon","created_at","8","NULL","YES","datetime",NULL,NULL,NULL,NULL,"0",NULL,NULL,"datetime",,,"select,insert,update,references",,"NEVER",NULL
"def","db_ura","purchase_recon","updated_by","9","NULL","YES","int",NULL,NULL,"10","0",NULL,NULL,NULL,"int(4)",,,"select,insert,update,references",,"NEVER",NULL
"def","db_ura","purchase_recon","updated_at","10","NULL","YES","datetime",NULL,NULL,NULL,NULL,"0",NULL,NULL,"datetime",,,"select,insert,update,references",,"NEVER",NULL
"def","db_ura","recon_dtl","dtl_id","1",NULL,"NO","int",NULL,NULL,"10","0",NULL,NULL,NULL,"int(11)","PRI","auto_increment","select,insert,update,references",,"NEVER",NULL
"def","db_ura","recon_dtl","purchase_recon_id","2",NULL,"NO","int",NULL,NULL,"10","0",NULL,NULL,NULL,"int(6)",,,"select,insert,update,references",,"NEVER",NULL
"def","db_ura","recon_dtl","invoice_no","3","NULL","YES","varchar","45","45",NULL,NULL,NULL,"latin1","latin1_swedish_ci","varchar(45)",,,"select,insert,update,references",,"NEVER",NULL
"def","db_ura","recon_dtl","fdn_no","4","NULL","YES","varchar","45","45",NULL,NULL,NULL,"latin1","latin1_swedish_ci","varchar(45)",,,"select,insert,update,references",,"NEVER",NULL
"def","db_ura","recon_dtl","amount","5","NULL","YES","varchar","45","45",NULL,NULL,NULL,"latin1","latin1_swedish_ci","varchar(45)",,,"select,insert,update,references",,"NEVER",NULL
"def","db_ura","recon_dtl","date","6","NULL","YES","datetime",NULL,NULL,NULL,NULL,"0",NULL,NULL,"datetime",,,"select,insert,update,references",,"NEVER",NULL
"def","db_ura","recon_dtl","created_by","7","NULL","YES","int",NULL,NULL,"10","0",NULL,NULL,NULL,"int(4)",,,"select,insert,update,references",,"NEVER",NULL
"def","db_ura","recon_dtl","created_at","8","NULL","YES","datetime",NULL,NULL,NULL,NULL,"0",NULL,NULL,"datetime",,,"select,insert,update,references",,"NEVER",NULL
"def","db_ura","recon_dtl","updated_by","9","NULL","YES","int",NULL,NULL,"10","0",NULL,NULL,NULL,"int(4)",,,"select,insert,update,references",,"NEVER",NULL
"def","db_ura","recon_dtl","updated_at","10","NULL","YES","datetime",NULL,NULL,NULL,NULL,"0",NULL,NULL,"datetime",,,"select,insert,update,references",,"NEVER",NULL
"def","db_ura","recon_dtl","supp_name","11","NULL","YES","varchar","150","150",NULL,NULL,NULL,"latin1","latin1_swedish_ci","varchar(150)",,,"select,insert,update,references",,"NEVER",NULL
"def","db_ura","recon_dtl","supp_tin_num","12","NULL","YES","varchar","45","45",NULL,NULL,NULL,"latin1","latin1_swedish_ci","varchar(45)",,,"select,insert,update,references",,"NEVER",NULL
"def","db_ura","recon_dtl","seller_ref_num","13","NULL","YES","varchar","45","45",NULL,NULL,NULL,"latin1","latin1_swedish_ci","varchar(45)",,,"select,insert,update,references",,"NEVER",NULL
"def","db_ura","routing","id","1",NULL,"NO","int",NULL,NULL,"10","0",NULL,NULL,NULL,"int(11)","PRI","auto_increment","select,insert,update,references",,"NEVER",NULL
"def","db_ura","routing","function","2","NULL","YES","varchar","30","30",NULL,NULL,NULL,"latin1","latin1_swedish_ci","varchar(30)",,,"select,insert,update,references",,"NEVER",NULL
"def","db_ura","routing","path","3","NULL","YES","varchar","100","100",NULL,NULL,NULL,"latin1","latin1_swedish_ci","varchar(100)",,,"select,insert,update,references",,"NEVER",NULL
"def","db_ura","routing","requiredParams","4","NULL","YES","varchar","200","200",NULL,NULL,NULL,"latin1","latin1_swedish_ci","varchar(200)",,,"select,insert,update,references",,"NEVER",NULL
"def","db_ura","routing","access","5","NULL","YES","varchar","255","255",NULL,NULL,NULL,"latin1","latin1_swedish_ci","varchar(255)",,,"select,insert,update,references",,"NEVER",NULL
"def","db_ura","routing","is_active","6","NULL","YES","int",NULL,NULL,"10","0",NULL,NULL,NULL,"int(1)",,,"select,insert,update,references",,"NEVER",NULL
"def","db_ura","routing","created_by","7","NULL","YES","varchar","50","50",NULL,NULL,NULL,"latin1","latin1_swedish_ci","varchar(50)",,,"select,insert,update,references",,"NEVER",NULL
"def","db_ura","routing","updated_by","8","NULL","YES","varchar","50","50",NULL,NULL,NULL,"latin1","latin1_swedish_ci","varchar(50)",,,"select,insert,update,references",,"NEVER",NULL
"def","db_ura","routing","createdAt","9",NULL,"NO","datetime",NULL,NULL,NULL,NULL,"0",NULL,NULL,"datetime",,,"select,insert,update,references",,"NEVER",NULL
"def","db_ura","routing","updatedAt","10",NULL,"NO","datetime",NULL,NULL,NULL,NULL,"0",NULL,NULL,"datetime",,,"select,insert,update,references",,"NEVER",NULL
"def","db_ura","schedulers","id","1",NULL,"NO","int",NULL,NULL,"10","0",NULL,NULL,NULL,"int(8)","PRI","auto_increment","select,insert,update,references",,"NEVER",NULL
"def","db_ura","schedulers","name","2","NULL","YES","varchar","45","45",NULL,NULL,NULL,"latin1","latin1_swedish_ci","varchar(45)",,,"select,insert,update,references",,"NEVER",NULL
"def","db_ura","schedulers","status","3","0","YES","int",NULL,NULL,"10","0",NULL,NULL,NULL,"int(1)",,,"select,insert,update,references",,"NEVER",NULL
"def","db_ura","schedulers","log_mode","4","'INFO'","NO","varchar","5","5",NULL,NULL,NULL,"latin1","latin1_swedish_ci","varchar(5)",,,"select,insert,update,references","Options
INFO
DEBUG
ERROR","NEVER",NULL
"def","db_ura","schedulers","created_at","5","NULL","YES","datetime",NULL,NULL,NULL,NULL,"0",NULL,NULL,"datetime",,,"select,insert,update,references",,"NEVER",NULL
"def","db_ura","schedulers","updated_at","6","NULL","YES","datetime",NULL,NULL,NULL,NULL,"0",NULL,NULL,"datetime",,,"select,insert,update,references",,"NEVER",NULL
"def","db_ura","scheduler_time","id","1",NULL,"NO","int",NULL,NULL,"10","0",NULL,NULL,NULL,"int(11)","PRI","auto_increment","select,insert,update,references",,"NEVER",NULL
"def","db_ura","scheduler_time","start_time","2",NULL,"NO","varchar","45","45",NULL,NULL,NULL,"latin1","latin1_swedish_ci","varchar(45)",,,"select,insert,update,references",,"NEVER",NULL
"def","db_ura","scheduler_time","end_time","3",NULL,"NO","varchar","45","45",NULL,NULL,NULL,"latin1","latin1_swedish_ci","varchar(45)",,,"select,insert,update,references",,"NEVER",NULL
"def","db_ura","scheduler_time","batch_id","4",NULL,"NO","int",NULL,NULL,"10","0",NULL,NULL,NULL,"int(11)",,,"select,insert,update,references",,"NEVER",NULL
"def","db_ura","scheduler_time","createdAt","5",NULL,"NO","datetime",NULL,NULL,NULL,NULL,"0",NULL,NULL,"datetime",,,"select,insert,update,references",,"NEVER",NULL
"def","db_ura","scheduler_time","updatedAt","6","NULL","YES","datetime",NULL,NULL,NULL,NULL,"0",NULL,NULL,"datetime",,,"select,insert,update,references",,"NEVER",NULL
"def","db_ura","stock_adjustmant","id","1",NULL,"NO","int",NULL,NULL,"10","0",NULL,NULL,NULL,"int(11)","PRI","auto_increment","select,insert,update,references",,"NEVER",NULL
"def","db_ura","stock_adjustmant","trans_batch_id","2",NULL,"NO","int",NULL,NULL,"10","0",NULL,NULL,NULL,"int(11)",,,"select,insert,update,references",,"NEVER",NULL
"def","db_ura","stock_adjustmant","voucher_number","3","NULL","YES","varchar","45","45",NULL,NULL,NULL,"latin1","latin1_swedish_ci","varchar(45)",,,"select,insert,update,references",,"NEVER",NULL
"def","db_ura","stock_adjustmant","telly_mst_id","4","NULL","YES","varchar","45","45",NULL,NULL,NULL,"latin1","latin1_swedish_ci","varchar(45)",,,"select,insert,update,references",,"NEVER",NULL
"def","db_ura","stock_adjustmant","spp_inv_no","5","NULL","YES","varchar","15","15",NULL,NULL,NULL,"latin1","latin1_swedish_ci","varchar(15)",,,"select,insert,update,references",,"NEVER",NULL
"def","db_ura","stock_adjustmant","json_single_array","6","NULL","YES","text","65535","65535",NULL,NULL,NULL,"latin1","latin1_swedish_ci","text",,,"select,insert,update,references",,"NEVER",NULL
"def","db_ura","stock_adjustmant","json_single_array_encoded","7","NULL","YES","text","65535","65535",NULL,NULL,NULL,"latin1","latin1_swedish_ci","text",,,"select,insert,update,references",,"NEVER",NULL
"def","db_ura","stock_adjustmant","api_response","8","NULL","YES","text","65535","65535",NULL,NULL,NULL,"latin1","latin1_swedish_ci","text",,,"select,insert,update,references",,"NEVER",NULL
"def","db_ura","stock_adjustmant","error_code","9","NULL","YES","varchar","45","45",NULL,NULL,NULL,"latin1","latin1_swedish_ci","varchar(45)",,,"select,insert,update,references",,"NEVER",NULL
"def","db_ura","stock_adjustmant","error_message","10","NULL","YES","text","65535","65535",NULL,NULL,NULL,"latin1","latin1_swedish_ci","text",,,"select,insert,update,references",,"NEVER",NULL
"def","db_ura","stock_adjustmant","created_at","11","NULL","YES","datetime",NULL,NULL,NULL,NULL,"0",NULL,NULL,"datetime",,,"select,insert,update,references",,"NEVER",NULL
"def","db_ura","stock_adjustmant","updated_at","12","NULL","YES","datetime",NULL,NULL,NULL,NULL,"0",NULL,NULL,"datetime",,,"select,insert,update,references",,"NEVER",NULL
"def","db_ura","trans_batch","batch_id","1",NULL,"NO","int",NULL,NULL,"10","0",NULL,NULL,NULL,"int(6)","PRI","auto_increment","select,insert,update,references",,"NEVER",NULL
"def","db_ura","trans_batch","batch_type","2","NULL","YES","int",NULL,NULL,"10","0",NULL,NULL,NULL,"int(1)",,,"select,insert,update,references",,"NEVER",NULL
"def","db_ura","trans_batch","file_name","3","NULL","YES","varchar","50","50",NULL,NULL,NULL,"latin1","latin1_swedish_ci","varchar(50)",,,"select,insert,update,references",,"NEVER",NULL
"def","db_ura","trans_batch","sync_status","4","NULL","YES","int",NULL,NULL,"10","0",NULL,NULL,NULL,"int(1)",,,"select,insert,update,references",,"NEVER",NULL
"def","db_ura","trans_batch","status","5","NULL","YES","int",NULL,NULL,"10","0",NULL,NULL,NULL,"int(1)",,,"select,insert,update,references",,"NEVER",NULL
"def","db_ura","trans_batch","upload_file_path","6","NULL","YES","varchar","150","150",NULL,NULL,NULL,"latin1","latin1_swedish_ci","varchar(150)",,,"select,insert,update,references",,"NEVER",NULL
"def","db_ura","trans_batch","upload_failed_path","7","NULL","YES","varchar","150","150",NULL,NULL,NULL,"latin1","latin1_swedish_ci","varchar(150)",,,"select,insert,update,references",,"NEVER",NULL
"def","db_ura","trans_batch","sync_file_path","8","NULL","YES","varchar","150","150",NULL,NULL,NULL,"latin1","latin1_swedish_ci","varchar(150)",,,"select,insert,update,references",,"NEVER",NULL
"def","db_ura","trans_batch","is_active","9","NULL","YES","int",NULL,NULL,"10","0",NULL,NULL,NULL,"int(1)",,,"select,insert,update,references",,"NEVER",NULL
"def","db_ura","trans_batch","created_by","10","NULL","YES","varchar","50","50",NULL,NULL,NULL,"latin1","latin1_swedish_ci","varchar(50)",,,"select,insert,update,references",,"NEVER",NULL
"def","db_ura","trans_batch","updated_by","11","NULL","YES","varchar","50","50",NULL,NULL,NULL,"latin1","latin1_swedish_ci","varchar(50)",,,"select,insert,update,references",,"NEVER",NULL
"def","db_ura","trans_batch","createdAt","12",NULL,"NO","datetime",NULL,NULL,NULL,NULL,"0",NULL,NULL,"datetime",,,"select,insert,update,references",,"NEVER",NULL
"def","db_ura","trans_batch","updatedAt","13",NULL,"NO","datetime",NULL,NULL,NULL,NULL,"0",NULL,NULL,"datetime",,,"select,insert,update,references",,"NEVER",NULL
"def","db_ura","trans_exceldata","excel_id","1",NULL,"NO","int",NULL,NULL,"10","0",NULL,NULL,NULL,"int(6)","PRI","auto_increment","select,insert,update,references",,"NEVER",NULL
"def","db_ura","trans_exceldata","excel_hdr_id","2","NULL","YES","int",NULL,NULL,"10","0",NULL,NULL,NULL,"int(6)",,,"select,insert,update,references",,"NEVER",NULL
"def","db_ura","trans_exceldata","voucher_number","3","NULL","YES","varchar","100","100",NULL,NULL,NULL,"latin1","latin1_swedish_ci","varchar(100)",,,"select,insert,update,references",,"NEVER",NULL
"def","db_ura","trans_exceldata","reference","4","NULL","YES","varchar","50","50",NULL,NULL,NULL,"latin1","latin1_swedish_ci","varchar(50)",,,"select,insert,update,references",,"NEVER",NULL
"def","db_ura","trans_exceldata","date","5","NULL","YES","varchar","50","50",NULL,NULL,NULL,"latin1","latin1_swedish_ci","varchar(50)",,,"select,insert,update,references",,"NEVER",NULL
"def","db_ura","trans_exceldata","voucher_type","6","NULL","YES","varchar","100","100",NULL,NULL,NULL,"latin1","latin1_swedish_ci","varchar(100)",,,"select,insert,update,references",,"NEVER",NULL
"def","db_ura","trans_exceldata","party_name","7","NULL","YES","varchar","100","100",NULL,NULL,NULL,"latin1","latin1_swedish_ci","varchar(100)",,,"select,insert,update,references",,"NEVER",NULL
"def","db_ura","trans_exceldata","buyer_tin_no","8","NULL","YES","varchar","100","100",NULL,NULL,NULL,"latin1","latin1_swedish_ci","varchar(100)",,,"select,insert,update,references",,"NEVER",NULL
"def","db_ura","trans_exceldata","cst_no","9","NULL","YES","varchar","100","100",NULL,NULL,NULL,"latin1","latin1_swedish_ci","varchar(100)",,,"select,insert,update,references",,"NEVER",NULL
"def","db_ura","trans_exceldata","item_name","10","NULL","YES","varchar","100","100",NULL,NULL,NULL,"latin1","latin1_swedish_ci","varchar(100)",,,"select,insert,update,references",,"NEVER",NULL
"def","db_ura","trans_exceldata","godown","11","NULL","YES","varchar","100","100",NULL,NULL,NULL,"latin1","latin1_swedish_ci","varchar(100)",,,"select,insert,update,references",,"NEVER",NULL
"def","db_ura","trans_exceldata","item_batch","12","NULL","YES","varchar","100","100",NULL,NULL,NULL,"latin1","latin1_swedish_ci","varchar(100)",,,"select,insert,update,references",,"NEVER",NULL
"def","db_ura","trans_exceldata","acutal_quantity","13","NULL","YES","int",NULL,NULL,"10","0",NULL,NULL,NULL,"int(5)",,,"select,insert,update,references",,"NEVER",NULL
"def","db_ura","trans_exceldata","billed_quantity","14","NULL","YES","int",NULL,NULL,"10","0",NULL,NULL,NULL,"int(5)",,,"select,insert,update,references",,"NEVER",NULL
"def","db_ura","trans_exceldata","alternate_actual_quantity","15","NULL","YES","int",NULL,NULL,"10","0",NULL,NULL,NULL,"int(5)",,,"select,insert,update,references",,"NEVER",NULL
"def","db_ura","trans_exceldata","alternate_billed_quantity","16","NULL","YES","int",NULL,NULL,"10","0",NULL,NULL,NULL,"int(5)",,,"select,insert,update,references",,"NEVER",NULL
"def","db_ura","trans_exceldata","rate","17","NULL","YES","float",NULL,NULL,"9","2",NULL,NULL,NULL,"float(9,2)",,,"select,insert,update,references",,"NEVER",NULL
"def","db_ura","trans_exceldata","purchase_rate","18","NULL","YES","float",NULL,NULL,"9","2",NULL,NULL,NULL,"float(9,2)",,,"select,insert,update,references",,"NEVER",NULL
"def","db_ura","trans_exceldata","unit","19","NULL","YES","varchar","50","50",NULL,NULL,NULL,"latin1","latin1_swedish_ci","varchar(50)",,,"select,insert,update,references",,"NEVER",NULL
"def","db_ura","trans_exceldata","discount","20","NULL","YES","float",NULL,NULL,"5","2",NULL,NULL,NULL,"float(5,2)",,,"select,insert,update,references",,"NEVER",NULL
"def","db_ura","trans_exceldata","discount_amt","21","NULL","YES","float",NULL,NULL,"9","2",NULL,NULL,NULL,"float(9,2)",,,"select,insert,update,references",,"NEVER",NULL
"def","db_ura","trans_exceldata","margin","22","NULL","YES","varchar","100","100",NULL,NULL,NULL,"latin1","latin1_swedish_ci","varchar(100)",,,"select,insert,update,references",,"NEVER",NULL
"def","db_ura","trans_exceldata","amount","23","NULL","YES","float",NULL,NULL,"9","2",NULL,NULL,NULL,"float(9,2)",,,"select,insert,update,references",,"NEVER",NULL
"def","db_ura","trans_exceldata","purchase_sales_ledger","24","NULL","YES","varchar","100","100",NULL,NULL,NULL,"latin1","latin1_swedish_ci","varchar(100)",,,"select,insert,update,references",,"NEVER",NULL
"def","db_ura","trans_exceldata","tax_classification","25","NULL","YES","varchar","100","100",NULL,NULL,NULL,"latin1","latin1_swedish_ci","varchar(100)",,,"select,insert,update,references",,"NEVER",NULL
"def","db_ura","trans_exceldata","narration","26","NULL","YES","varchar","100","100",NULL,NULL,NULL,"latin1","latin1_swedish_ci","varchar(100)",,,"select,insert,update,references",,"NEVER",NULL
"def","db_ura","trans_exceldata","ura_invoice_date","27","NULL","YES","datetime",NULL,NULL,NULL,NULL,"0",NULL,NULL,"datetime",,,"select,insert,update,references",,"NEVER",NULL
"def","db_ura","trans_exceldata","is_active","28","NULL","YES","int",NULL,NULL,"10","0",NULL,NULL,NULL,"int(1)",,,"select,insert,update,references",,"NEVER",NULL
"def","db_ura","trans_exceldata","created_by","29","NULL","YES","varchar","50","50",NULL,NULL,NULL,"latin1","latin1_swedish_ci","varchar(50)",,,"select,insert,update,references",,"NEVER",NULL
"def","db_ura","trans_exceldata","updated_by","30","NULL","YES","varchar","50","50",NULL,NULL,NULL,"latin1","latin1_swedish_ci","varchar(50)",,,"select,insert,update,references",,"NEVER",NULL
"def","db_ura","trans_exceldata","createdAt","31",NULL,"NO","datetime",NULL,NULL,NULL,NULL,"0",NULL,NULL,"datetime",,,"select,insert,update,references",,"NEVER",NULL
"def","db_ura","trans_exceldata","updatedAt","32",NULL,"NO","datetime",NULL,NULL,NULL,NULL,"0",NULL,NULL,"datetime",,,"select,insert,update,references",,"NEVER",NULL
"def","db_ura","trans_exceldata_hdr","excel_hdr_id","1",NULL,"NO","int",NULL,NULL,"10","0",NULL,NULL,NULL,"int(6)","PRI","auto_increment","select,insert,update,references",,"NEVER",NULL
"def","db_ura","trans_exceldata_hdr","trans_batch_id","2","NULL","YES","int",NULL,NULL,"10","0",NULL,NULL,NULL,"int(6)",,,"select,insert,update,references",,"NEVER",NULL
"def","db_ura","trans_exceldata_hdr","voucher_number","3","NULL","YES","varchar","100","100",NULL,NULL,NULL,"latin1","latin1_swedish_ci","varchar(100)","MUL",,"select,insert,update,references",,"NEVER",NULL
"def","db_ura","trans_exceldata_hdr","date","4","NULL","YES","varchar","45","45",NULL,NULL,NULL,"latin1","latin1_swedish_ci","varchar(45)",,,"select,insert,update,references",,"NEVER",NULL
"def","db_ura","trans_exceldata_hdr","party_name","5","NULL","YES","varchar","100","100",NULL,NULL,NULL,"latin1","latin1_swedish_ci","varchar(100)",,,"select,insert,update,references",,"NEVER",NULL
"def","db_ura","trans_exceldata_hdr","buyer_tin_no","6","NULL","YES","varchar","100","100",NULL,NULL,NULL,"latin1","latin1_swedish_ci","varchar(100)",,,"select,insert,update,references",,"NEVER",NULL
"def","db_ura","trans_exceldata_hdr","item_total","7","NULL","YES","int",NULL,NULL,"10","0",NULL,NULL,NULL,"int(7)",,,"select,insert,update,references",,"NEVER",NULL
"def","db_ura","trans_exceldata_hdr","total_qty","8","NULL","YES","int",NULL,NULL,"10","0",NULL,NULL,NULL,"int(5)",,,"select,insert,update,references",,"NEVER",NULL
"def","db_ura","trans_exceldata_hdr","total_amt","9","NULL","YES","int",NULL,NULL,"10","0",NULL,NULL,NULL,"int(7)",,,"select,insert,update,references",,"NEVER",NULL
"def","db_ura","trans_exceldata_hdr","pdf","10","NULL","YES","varchar","50","50",NULL,NULL,NULL,"latin1","latin1_swedish_ci","varchar(50)",,,"select,insert,update,references",,"NEVER",NULL
"def","db_ura","trans_exceldata_hdr","batch_id","11","NULL","YES","varchar","100","100",NULL,NULL,NULL,"latin1","latin1_swedish_ci","varchar(100)",,,"select,insert,update,references",,"NEVER",NULL
"def","db_ura","trans_exceldata_hdr","json_single_array","12","NULL","YES","text","65535","65535",NULL,NULL,NULL,"latin1","latin1_swedish_ci","text",,,"select,insert,update,references",,"NEVER",NULL
"def","db_ura","trans_exceldata_hdr","json_single_array_encoded","13","NULL","YES","text","65535","65535",NULL,NULL,NULL,"latin1","latin1_swedish_ci","text",,,"select,insert,update,references",,"NEVER",NULL
"def","db_ura","trans_exceldata_hdr","api_response","14","NULL","YES","text","65535","65535",NULL,NULL,NULL,"latin1","latin1_swedish_ci","text",,,"select,insert,update,references",,"NEVER",NULL
"def","db_ura","trans_exceldata_hdr","is_active","15","NULL","YES","int",NULL,NULL,"10","0",NULL,NULL,NULL,"int(1)",,,"select,insert,update,references",,"NEVER",NULL
"def","db_ura","trans_exceldata_hdr","is_invoice_inserted","16","1","NO","int",NULL,NULL,"10","0",NULL,NULL,NULL,"int(11)",,,"select,insert,update,references",,"NEVER",NULL
"def","db_ura","trans_exceldata_hdr","created_by","17","NULL","YES","varchar","50","50",NULL,NULL,NULL,"latin1","latin1_swedish_ci","varchar(50)",,,"select,insert,update,references",,"NEVER",NULL
"def","db_ura","trans_exceldata_hdr","updated_by","18","NULL","YES","varchar","50","50",NULL,NULL,NULL,"latin1","latin1_swedish_ci","varchar(50)",,,"select,insert,update,references",,"NEVER",NULL
"def","db_ura","trans_exceldata_hdr","createdAt","19",NULL,"NO","datetime",NULL,NULL,NULL,NULL,"0",NULL,NULL,"datetime",,,"select,insert,update,references",,"NEVER",NULL
"def","db_ura","trans_exceldata_hdr","updatedAt","20",NULL,"NO","datetime",NULL,NULL,NULL,NULL,"0",NULL,NULL,"datetime",,,"select,insert,update,references",,"NEVER",NULL
"def","db_ura","trans_stock_manage","id","1",NULL,"NO","int",NULL,NULL,"10","0",NULL,NULL,NULL,"int(11)","PRI","auto_increment","select,insert,update,references",,"NEVER",NULL
"def","db_ura","trans_stock_manage","trip_hdr_id","2","NULL","YES","varchar","45","45",NULL,NULL,NULL,"latin1","latin1_swedish_ci","varchar(45)",,,"select,insert,update,references",,"NEVER",NULL
"def","db_ura","trans_stock_manage","invoice_type","3","NULL","YES","int",NULL,NULL,"10","0",NULL,NULL,NULL,"int(1)",,,"select,insert,update,references",,"NEVER",NULL
"def","db_ura","trans_stock_manage","godown_id","4",NULL,"NO","varchar","45","45",NULL,NULL,NULL,"latin1","latin1_swedish_ci","varchar(45)",,,"select,insert,update,references",,"NEVER",NULL
"def","db_ura","trans_stock_manage","goods_code","5",NULL,"NO","varchar","45","45",NULL,NULL,NULL,"latin1","latin1_swedish_ci","varchar(45)",,,"select,insert,update,references",,"NEVER",NULL
"def","db_ura","trans_stock_manage","goods_name","6","NULL","YES","varchar","100","100",NULL,NULL,NULL,"latin1","latin1_swedish_ci","varchar(100)",,,"select,insert,update,references",,"NEVER",NULL
"def","db_ura","trans_stock_manage","qty","7",NULL,"NO","varchar","45","45",NULL,NULL,NULL,"latin1","latin1_swedish_ci","varchar(45)",,,"select,insert,update,references",,"NEVER",NULL
"def","db_ura","trans_stock_manage","available_qty","8","NULL","YES","varchar","45","45",NULL,NULL,NULL,"latin1","latin1_swedish_ci","varchar(45)",,,"select,insert,update,references",,"NEVER",NULL
"def","db_ura","trans_stock_manage","final_qty","9","NULL","YES","varchar","45","45",NULL,NULL,NULL,"latin1","latin1_swedish_ci","varchar(45)",,,"select,insert,update,references",,"NEVER",NULL
"def","db_ura","trans_stock_manage","invoice_no","10","NULL","YES","varchar","45","45",NULL,NULL,NULL,"latin1","latin1_swedish_ci","varchar(45)",,,"select,insert,update,references",,"NEVER",NULL
"def","db_ura","trans_stock_manage","is_active","11","1","YES","int",NULL,NULL,"10","0",NULL,NULL,NULL,"int(1)",,,"select,insert,update,references",,"NEVER",NULL
"def","db_ura","trans_stock_manage","created_by","12","NULL","YES","varchar","45","45",NULL,NULL,NULL,"latin1","latin1_swedish_ci","varchar(45)",,,"select,insert,update,references",,"NEVER",NULL
"def","db_ura","trans_stock_manage","updated_by","13","NULL","YES","varchar","45","45",NULL,NULL,NULL,"latin1","latin1_swedish_ci","varchar(45)",,,"select,insert,update,references",,"NEVER",NULL
"def","db_ura","trans_stock_manage","createdAt","14","NULL","YES","varchar","45","45",NULL,NULL,NULL,"latin1","latin1_swedish_ci","varchar(45)",,,"select,insert,update,references",,"NEVER",NULL
"def","db_ura","trans_stock_manage","updatedAt","15","NULL","YES","varchar","45","45",NULL,NULL,NULL,"latin1","latin1_swedish_ci","varchar(45)",,,"select,insert,update,references",,"NEVER",NULL
"def","db_ura","trans_stock_manage","trans_stock_managecol","16","NULL","YES","varchar","45","45",NULL,NULL,NULL,"latin1","latin1_swedish_ci","varchar(45)",,,"select,insert,update,references","				","NEVER",NULL
"def","db_ura","trans_stock_summary","id","1",NULL,"NO","int",NULL,NULL,"10","0",NULL,NULL,NULL,"int(11)","PRI","auto_increment","select,insert,update,references",,"NEVER",NULL
"def","db_ura","trans_stock_summary","godown_id","2",NULL,"NO","varchar","45","45",NULL,NULL,NULL,"latin1","latin1_swedish_ci","varchar(45)",,,"select,insert,update,references",,"NEVER",NULL
"def","db_ura","trans_stock_summary","goods_code","3",NULL,"NO","varchar","45","45",NULL,NULL,NULL,"latin1","latin1_swedish_ci","varchar(45)",,,"select,insert,update,references",,"NEVER",NULL
"def","db_ura","trans_stock_summary","goods_name","4","NULL","YES","varchar","100","100",NULL,NULL,NULL,"latin1","latin1_swedish_ci","varchar(100)",,,"select,insert,update,references",,"NEVER",NULL
"def","db_ura","trans_stock_summary","qty","5",NULL,"NO","varchar","45","45",NULL,NULL,NULL,"latin1","latin1_swedish_ci","varchar(45)",,,"select,insert,update,references",,"NEVER",NULL
"def","db_ura","trans_stock_summary","is_active","6","1","YES","int",NULL,NULL,"10","0",NULL,NULL,NULL,"int(1)",,,"select,insert,update,references",,"NEVER",NULL
"def","db_ura","trans_stock_summary","created_by","7","NULL","YES","varchar","45","45",NULL,NULL,NULL,"latin1","latin1_swedish_ci","varchar(45)",,,"select,insert,update,references",,"NEVER",NULL
"def","db_ura","trans_stock_summary","updated_by","8","NULL","YES","varchar","45","45",NULL,NULL,NULL,"latin1","latin1_swedish_ci","varchar(45)",,,"select,insert,update,references",,"NEVER",NULL
"def","db_ura","trans_stock_summary","createdAt","9","NULL","YES","varchar","45","45",NULL,NULL,NULL,"latin1","latin1_swedish_ci","varchar(45)",,,"select,insert,update,references",,"NEVER",NULL
"def","db_ura","trans_stock_summary","updatedAt","10","NULL","YES","varchar","45","45",NULL,NULL,NULL,"latin1","latin1_swedish_ci","varchar(45)",,,"select,insert,update,references",,"NEVER",NULL
"def","db_ura","trans_trip_dtl","trip_dtl_id","1",NULL,"NO","int",NULL,NULL,"10","0",NULL,NULL,NULL,"int(11)","PRI","auto_increment","select,insert,update,references",,"NEVER",NULL
"def","db_ura","trans_trip_dtl","trip_hdr_id","2",NULL,"NO","int",NULL,NULL,"10","0",NULL,NULL,NULL,"int(11)",,,"select,insert,update,references",,"NEVER",NULL
"def","db_ura","trans_trip_dtl","item_id","3",NULL,"NO","varchar","45","45",NULL,NULL,NULL,"latin1","latin1_swedish_ci","varchar(45)",,,"select,insert,update,references",,"NEVER",NULL
"def","db_ura","trans_trip_dtl","item_name","4",NULL,"NO","varchar","150","150",NULL,NULL,NULL,"latin1","latin1_swedish_ci","varchar(150)",,,"select,insert,update,references",,"NEVER",NULL
"def","db_ura","trans_trip_dtl","category_code","5",NULL,"NO","varchar","45","45",NULL,NULL,NULL,"latin1","latin1_swedish_ci","varchar(45)",,,"select,insert,update,references",,"NEVER",NULL
"def","db_ura","trans_trip_dtl","vat","6","NULL","YES","varchar","45","45",NULL,NULL,NULL,"latin1","latin1_swedish_ci","varchar(45)",,,"select,insert,update,references",,"NEVER",NULL
"def","db_ura","trans_trip_dtl","exciese","7","NULL","YES","varchar","45","45",NULL,NULL,NULL,"latin1","latin1_swedish_ci","varchar(45)",,,"select,insert,update,references",,"NEVER",NULL
"def","db_ura","trans_trip_dtl","is_exempted","8","0","YES","int",NULL,NULL,"10","0",NULL,NULL,NULL,"int(1)",,,"select,insert,update,references",,"NEVER",NULL
"def","db_ura","trans_trip_dtl","is_zero_vat","9","0","YES","int",NULL,NULL,"10","0",NULL,NULL,NULL,"int(1)",,,"select,insert,update,references",,"NEVER",NULL
"def","db_ura","trans_trip_dtl","price","10",NULL,"NO","varchar","45","45",NULL,NULL,NULL,"latin1","latin1_swedish_ci","varchar(45)",,,"select,insert,update,references",,"NEVER",NULL
"def","db_ura","trans_trip_dtl","stock_qty","11",NULL,"NO","varchar","45","45",NULL,NULL,NULL,"latin1","latin1_swedish_ci","varchar(45)",,,"select,insert,update,references",,"NEVER",NULL
"def","db_ura","trans_trip_dtl","is_active","12","1","YES","int",NULL,NULL,"10","0",NULL,NULL,NULL,"int(1)",,,"select,insert,update,references",,"NEVER",NULL
"def","db_ura","trans_trip_dtl","created_by","13","NULL","YES","varchar","45","45",NULL,NULL,NULL,"latin1","latin1_swedish_ci","varchar(45)",,,"select,insert,update,references",,"NEVER",NULL
"def","db_ura","trans_trip_dtl","createdAt","14","NULL","YES","datetime",NULL,NULL,NULL,NULL,"0",NULL,NULL,"datetime",,,"select,insert,update,references",,"NEVER",NULL
"def","db_ura","trans_trip_dtl","updated_by","15","NULL","YES","varchar","45","45",NULL,NULL,NULL,"latin1","latin1_swedish_ci","varchar(45)",,,"select,insert,update,references",,"NEVER",NULL
"def","db_ura","trans_trip_dtl","updatedAt","16","NULL","YES","datetime",NULL,NULL,NULL,NULL,"0",NULL,NULL,"datetime",,,"select,insert,update,references",,"NEVER",NULL
"def","db_ura","trans_trip_dtl","available_qty","17","NULL","YES","varchar","45","45",NULL,NULL,NULL,"latin1","latin1_swedish_ci","varchar(45)",,,"select,insert,update,references",,"NEVER",NULL
"def","db_ura","trans_trip_dtl","uom","18","NULL","YES","varchar","45","45",NULL,NULL,NULL,"latin1","latin1_swedish_ci","varchar(45)",,,"select,insert,update,references",,"NEVER",NULL
"def","db_ura","trans_trip_dtl","currency","19","'101'","NO","varchar","45","45",NULL,NULL,NULL,"latin1","latin1_swedish_ci","varchar(45)",,,"select,insert,update,references",,"NEVER",NULL
"def","db_ura","trans_trip_hdr","trip_id","1",NULL,"NO","int",NULL,NULL,"10","0",NULL,NULL,NULL,"int(7)","PRI","auto_increment","select,insert,update,references",,"NEVER",NULL
"def","db_ura","trans_trip_hdr","sales_man_id","2",NULL,"NO","int",NULL,NULL,"10","0",NULL,NULL,NULL,"int(5)",,,"select,insert,update,references",,"NEVER",NULL
"def","db_ura","trans_trip_hdr","is_active","3","1","NO","int",NULL,NULL,"10","0",NULL,NULL,NULL,"int(1)",,,"select,insert,update,references",,"NEVER",NULL
"def","db_ura","trans_trip_hdr","created_by","4","NULL","YES","varchar","45","45",NULL,NULL,NULL,"latin1","latin1_swedish_ci","varchar(45)",,,"select,insert,update,references",,"NEVER",NULL
"def","db_ura","trans_trip_hdr","createdAt","5","NULL","YES","datetime",NULL,NULL,NULL,NULL,"0",NULL,NULL,"datetime",,,"select,insert,update,references",,"NEVER",NULL
"def","db_ura","trans_trip_hdr","updated_by","6","NULL","YES","varchar","45","45",NULL,NULL,NULL,"latin1","latin1_swedish_ci","varchar(45)",,,"select,insert,update,references",,"NEVER",NULL
"def","db_ura","trans_trip_hdr","updatedAt","7","NULL","YES","datetime",NULL,NULL,NULL,NULL,"0",NULL,NULL,"datetime",,,"select,insert,update,references",,"NEVER",NULL
"def","db_ura","trans_trip_hdr","vehicle_no","8","NULL","YES","varchar","255","255",NULL,NULL,NULL,"latin1","latin1_swedish_ci","varchar(255)",,,"select,insert,update,references",,"NEVER",NULL
"def","db_ura","trans_trip_hdr","gdw_id","9","NULL","YES","int",NULL,NULL,"10","0",NULL,NULL,NULL,"int(11)",,,"select,insert,update,references",,"NEVER",NULL
"def","db_ura","users","id","1",NULL,"NO","bigint",NULL,NULL,"20","0",NULL,NULL,NULL,"bigint(20) unsigned","PRI","auto_increment","select,insert,update,references",,"NEVER",NULL
"def","db_ura","users","name","2",NULL,"NO","varchar","255","1020",NULL,NULL,NULL,"utf8mb4","utf8mb4_unicode_ci","varchar(255)",,,"select,insert,update,references",,"NEVER",NULL
"def","db_ura","users","email","3",NULL,"NO","varchar","255","1020",NULL,NULL,NULL,"utf8mb4","utf8mb4_unicode_ci","varchar(255)","UNI",,"select,insert,update,references",,"NEVER",NULL
"def","db_ura","users","email_verified_at","4","NULL","YES","timestamp",NULL,NULL,NULL,NULL,"0",NULL,NULL,"timestamp",,,"select,insert,update,references",,"NEVER",NULL
"def","db_ura","users","password","5",NULL,"NO","varchar","255","1020",NULL,NULL,NULL,"utf8mb4","utf8mb4_unicode_ci","varchar(255)",,,"select,insert,update,references",,"NEVER",NULL
"def","db_ura","users","remember_token","6","NULL","YES","varchar","100","400",NULL,NULL,NULL,"utf8mb4","utf8mb4_unicode_ci","varchar(100)",,,"select,insert,update,references",,"NEVER",NULL
"def","db_ura","users","created_at","7","NULL","YES","timestamp",NULL,NULL,NULL,NULL,"0",NULL,NULL,"timestamp",,,"select,insert,update,references",,"NEVER",NULL
"def","db_ura","users","updated_at","8","NULL","YES","timestamp",NULL,NULL,NULL,NULL,"0",NULL,NULL,"timestamp",,,"select,insert,update,references",,"NEVER",NULL
