TABLE_CATALOG,TABLE_SCHEMA,TABLE_NAME,COLUMN_NAME,ORDINAL_POSITION,COLUMN_DEFAULT,IS_NULLABLE,DATA_TYPE,CHARACTER_MAXIMUM_LENGTH,CHARACTER_OCTET_LENGTH,NUMERIC_PRECISION,NUMERIC_SCALE,DATETIME_PRECISION,CHARACTER_SET_NAME,COLLATION_NAME,COLUMN_TYPE,COLUMN_KEY,EXTRA,PRIVILEGES,COLUMN_COMMENT,IS_GENERATED,GENERATION_EXPRESSION
def,db_1008249002,audit_logs,log_id,1,NULL,NO,int,NULL,NULL,10,0,NULL,NULL,NULL,int(11),PRI,auto_increment,"select,insert,update,references",,NEVER,NULL
def,db_1008249002,audit_logs,log_text,2,NULL,NO,varchar,1000,1000,NULL,NULL,NULL,latin1,latin1_swedish_ci,varchar(1000),,,"select,insert,update,references",,NEVER,NULL
def,db_1008249002,audit_logs,log_ori,3,NULL,NO,varchar,45,45,NULL,NULL,NULL,latin1,latin1_swedish_ci,varchar(45),,,"select,insert,update,references",,NEVER,NULL
def,db_1008249002,audit_logs,log_lvl,4,NULL,NO,varchar,10,10,NULL,NULL,NULL,latin1,latin1_swedish_ci,varchar(10),,,"select,insert,update,references",,NEVER,NULL
def,db_1008249002,audit_logs,createdAt,5,current_timestamp(),NO,datetime,NULL,NULL,NULL,NULL,0,NULL,NULL,datetime,,,"select,insert,update,references",,NEVER,NULL
def,db_1008249002,cron_maintenence,id,1,NULL,NO,int,NULL,NULL,10,0,NULL,NULL,NULL,int(6),PRI,auto_increment,"select,insert,update,references",,NEVER,NULL
def,db_1008249002,cron_maintenence,start_time,2,NULL,YES,datetime,NULL,NULL,NULL,NULL,0,NULL,NULL,datetime,,,"select,insert,update,references",,NEVER,NULL
def,db_1008249002,cron_maintenence,end_time,3,NULL,YES,datetime,NULL,NULL,NULL,NULL,0,NULL,NULL,datetime,,,"select,insert,update,references",,NEVER,NULL
def,db_1008249002,cron_maintenence,module,4,NULL,YES,varchar,25,100,NULL,NULL,NULL,utf8mb4,utf8mb4_unicode_ci,varchar(25),,,"select,insert,update,references",,NEVER,NULL
def,db_1008249002,cron_maintenence,status,5,NULL,YES,varchar,25,100,NULL,NULL,NULL,utf8mb4,utf8mb4_unicode_ci,varchar(25),,,"select,insert,update,references",,NEVER,NULL
def,db_1008249002,cron_maintenence,parent_table,6,NULL,YES,varchar,25,100,NULL,NULL,NULL,utf8mb4,utf8mb4_unicode_ci,varchar(25),,,"select,insert,update,references",,NEVER,NULL
def,db_1008249002,cron_maintenence,error,7,NULL,YES,text,65535,65535,NULL,NULL,NULL,utf8mb4,utf8mb4_unicode_ci,text,,,"select,insert,update,references",,NEVER,NULL
def,db_1008249002,cron_maintenence,created_by,8,NULL,YES,varchar,25,100,NULL,NULL,NULL,utf8mb4,utf8mb4_unicode_ci,varchar(25),,,"select,insert,update,references",,NEVER,NULL
def,db_1008249002,cron_maintenence,updated_by,9,NULL,YES,varchar,25,100,NULL,NULL,NULL,utf8mb4,utf8mb4_unicode_ci,varchar(25),,,"select,insert,update,references",,NEVER,NULL
def,db_1008249002,cron_maintenence,createdAt,10,NULL,NO,datetime,NULL,NULL,NULL,NULL,0,NULL,NULL,datetime,,,"select,insert,update,references",,NEVER,NULL
def,db_1008249002,cron_maintenence,updatedAt,11,NULL,NO,datetime,NULL,NULL,NULL,NULL,0,NULL,NULL,datetime,,,"select,insert,update,references",,NEVER,NULL
def,db_1008249002,failed_jobs,id,1,NULL,NO,bigint,NULL,NULL,20,0,NULL,NULL,NULL,"bigint(20) unsigned",PRI,auto_increment,"select,insert,update,references",,NEVER,NULL
def,db_1008249002,failed_jobs,uuid,2,NULL,NO,varchar,255,1020,NULL,NULL,NULL,utf8mb4,utf8mb4_unicode_ci,varchar(255),,,"select,insert,update,references",,NEVER,NULL
def,db_1008249002,failed_jobs,connection,3,NULL,NO,text,65535,65535,NULL,NULL,NULL,utf8mb4,utf8mb4_unicode_ci,text,,,"select,insert,update,references",,NEVER,NULL
def,db_1008249002,failed_jobs,queue,4,NULL,NO,text,65535,65535,NULL,NULL,NULL,utf8mb4,utf8mb4_unicode_ci,text,,,"select,insert,update,references",,NEVER,NULL
def,db_1008249002,failed_jobs,payload,5,NULL,NO,longtext,4294967295,4294967295,NULL,NULL,NULL,utf8mb4,utf8mb4_unicode_ci,longtext,,,"select,insert,update,references",,NEVER,NULL
def,db_1008249002,failed_jobs,exception,6,NULL,NO,longtext,4294967295,4294967295,NULL,NULL,NULL,utf8mb4,utf8mb4_unicode_ci,longtext,,,"select,insert,update,references",,NEVER,NULL
def,db_1008249002,failed_jobs,failed_at,7,current_timestamp(),NO,timestamp,NULL,NULL,NULL,NULL,0,NULL,NULL,timestamp,,,"select,insert,update,references",,NEVER,NULL
def,db_1008249002,migrations,id,1,NULL,NO,int,NULL,NULL,10,0,NULL,NULL,NULL,"int(10) unsigned",PRI,auto_increment,"select,insert,update,references",,NEVER,NULL
def,db_1008249002,migrations,migration,2,NULL,NO,varchar,255,1020,NULL,NULL,NULL,utf8mb4,utf8mb4_unicode_ci,varchar(255),,,"select,insert,update,references",,NEVER,NULL
def,db_1008249002,migrations,batch,3,NULL,NO,int,NULL,NULL,10,0,NULL,NULL,NULL,int(11),,,"select,insert,update,references",,NEVER,NULL
def,db_1008249002,mst_buyer,id,1,NULL,NO,int,NULL,NULL,10,0,NULL,NULL,NULL,int(11),PRI,auto_increment,"select,insert,update,references",,NEVER,NULL
def,db_1008249002,mst_buyer,tally_id,2,NULL,NO,varchar,45,180,NULL,NULL,NULL,utf8mb4,utf8mb4_general_ci,varchar(45),,,"select,insert,update,references",,NEVER,NULL
def,db_1008249002,mst_buyer,buyer_legal_name,3,NULL,NO,varchar,45,180,NULL,NULL,NULL,utf8mb4,utf8mb4_general_ci,varchar(45),,,"select,insert,update,references",,NEVER,NULL
def,db_1008249002,mst_buyer,buyer_tin,4,NULL,YES,varchar,45,180,NULL,NULL,NULL,utf8mb4,utf8mb4_general_ci,varchar(45),,,"select,insert,update,references",,NEVER,NULL
def,db_1008249002,mst_buyer,customer_type,5,NULL,YES,varchar,45,180,NULL,NULL,NULL,utf8mb4,utf8mb4_general_ci,varchar(45),,,"select,insert,update,references",,NEVER,NULL
def,db_1008249002,mst_buyer,buyer_address,6,NULL,YES,varchar,100,400,NULL,NULL,NULL,utf8mb4,utf8mb4_general_ci,varchar(100),,,"select,insert,update,references",,NEVER,NULL
def,db_1008249002,mst_buyer,cont_pers,7,NULL,YES,varchar,45,180,NULL,NULL,NULL,utf8mb4,utf8mb4_general_ci,varchar(45),,,"select,insert,update,references",,NEVER,NULL
def,db_1008249002,mst_buyer,buyer_mobile_phone,8,NULL,YES,varchar,45,180,NULL,NULL,NULL,utf8mb4,utf8mb4_general_ci,varchar(45),,,"select,insert,update,references",,NEVER,NULL
def,db_1008249002,mst_buyer,is_active,9,1,YES,int,NULL,NULL,10,0,NULL,NULL,NULL,int(1),,,"select,insert,update,references",,NEVER,NULL
def,db_1008249002,mst_buyer,created_by,10,NULL,YES,int,NULL,NULL,10,0,NULL,NULL,NULL,int(4),,,"select,insert,update,references",,NEVER,NULL
def,db_1008249002,mst_buyer,createdAt,11,NULL,YES,datetime,NULL,NULL,NULL,NULL,0,NULL,NULL,datetime,,,"select,insert,update,references",,NEVER,NULL
def,db_1008249002,mst_buyer,updated_by,12,NULL,YES,int,NULL,NULL,10,0,NULL,NULL,NULL,int(4),,,"select,insert,update,references",,NEVER,NULL
def,db_1008249002,mst_buyer,updatedAt,13,NULL,YES,datetime,NULL,NULL,NULL,NULL,0,NULL,NULL,datetime,,,"select,insert,update,references",,NEVER,NULL
def,db_1008249002,mst_buyer,buyer_email,14,NULL,YES,varchar,45,180,NULL,NULL,NULL,utf8mb4,utf8mb4_general_ci,varchar(45),,,"select,insert,update,references",,NEVER,NULL
def,db_1008249002,mst_buyer,buyer_citizenship,15,NULL,YES,varchar,45,180,NULL,NULL,NULL,utf8mb4,utf8mb4_general_ci,varchar(45),,,"select,insert,update,references",,NEVER,NULL
def,db_1008249002,mst_buyer,buyer_type,16,NULL,YES,varchar,45,180,NULL,NULL,NULL,utf8mb4,utf8mb4_general_ci,varchar(45),,,"select,insert,update,references",,NEVER,NULL
def,db_1008249002,mst_cancel_credit_debit_notes,bittt,1,NULL,NO,int,NULL,NULL,10,0,NULL,NULL,NULL,int(8),PRI,auto_increment,"select,insert,update,references",,NEVER,NULL
def,db_1008249002,mst_cancel_credit_debit_notes,trans_batch_id,2,NULL,YES,int,NULL,NULL,10,0,NULL,NULL,NULL,int(6),,,"select,insert,update,references",,NEVER,NULL
def,db_1008249002,mst_cancel_credit_debit_notes,json_single_array,3,NULL,YES,text,65535,65535,NULL,NULL,NULL,utf8mb4,utf8mb4_unicode_ci,text,,,"select,insert,update,references",,NEVER,NULL
def,db_1008249002,mst_cancel_credit_debit_notes,json_single_array_encoded,4,NULL,YES,text,65535,65535,NULL,NULL,NULL,utf8mb4,utf8mb4_unicode_ci,text,,,"select,insert,update,references",,NEVER,NULL
def,db_1008249002,mst_cancel_credit_debit_notes,api_response,5,NULL,YES,text,65535,65535,NULL,NULL,NULL,utf8mb4,utf8mb4_unicode_ci,text,,,"select,insert,update,references",,NEVER,NULL
def,db_1008249002,mst_cancel_credit_debit_notes,error_code,6,NULL,YES,varchar,45,180,NULL,NULL,NULL,utf8mb4,utf8mb4_unicode_ci,varchar(45),,,"select,insert,update,references",,NEVER,NULL
def,db_1008249002,mst_cancel_credit_debit_notes,error_message,7,NULL,YES,text,65535,65535,NULL,NULL,NULL,utf8mb4,utf8mb4_unicode_ci,text,,,"select,insert,update,references",,NEVER,NULL
def,db_1008249002,mst_cancel_credit_debit_notes,created_at,8,NULL,YES,datetime,NULL,NULL,NULL,NULL,0,NULL,NULL,datetime,,,"select,insert,update,references",,NEVER,NULL
def,db_1008249002,mst_cancel_credit_debit_notes,updated_at,9,NULL,YES,datetime,NULL,NULL,NULL,NULL,0,NULL,NULL,datetime,,,"select,insert,update,references",,NEVER,NULL
def,db_1008249002,mst_comp,comp_id,1,NULL,NO,int,NULL,NULL,10,0,NULL,NULL,NULL,int(6),PRI,auto_increment,"select,insert,update,references",,NEVER,NULL
def,db_1008249002,mst_comp,comp_name,2,NULL,YES,varchar,100,400,NULL,NULL,NULL,utf8mb4,utf8mb4_unicode_ci,varchar(100),,,"select,insert,update,references",,NEVER,NULL
def,db_1008249002,mst_comp,address,3,NULL,YES,varchar,500,2000,NULL,NULL,NULL,utf8mb4,utf8mb4_unicode_ci,varchar(500),,,"select,insert,update,references",,NEVER,NULL
def,db_1008249002,mst_comp,tin,4,NULL,YES,varchar,50,200,NULL,NULL,NULL,utf8mb4,utf8mb4_unicode_ci,varchar(50),,,"select,insert,update,references",,NEVER,NULL
def,db_1008249002,mst_comp,device_no,5,NULL,YES,varchar,100,400,NULL,NULL,NULL,utf8mb4,utf8mb4_unicode_ci,varchar(100),,,"select,insert,update,references",,NEVER,NULL
def,db_1008249002,mst_comp,tax_payer_no,6,NULL,YES,varchar,50,200,NULL,NULL,NULL,utf8mb4,utf8mb4_unicode_ci,varchar(50),,,"select,insert,update,references",,NEVER,NULL
def,db_1008249002,mst_comp,is_active,7,NULL,YES,int,NULL,NULL,10,0,NULL,NULL,NULL,int(1),,,"select,insert,update,references",,NEVER,NULL
def,db_1008249002,mst_comp,created_by,8,NULL,YES,varchar,50,200,NULL,NULL,NULL,utf8mb4,utf8mb4_unicode_ci,varchar(50),,,"select,insert,update,references",,NEVER,NULL
def,db_1008249002,mst_comp,updated_by,9,NULL,YES,varchar,50,200,NULL,NULL,NULL,utf8mb4,utf8mb4_unicode_ci,varchar(50),,,"select,insert,update,references",,NEVER,NULL
def,db_1008249002,mst_comp,envinfo,10,NULL,YES,varchar,20,80,NULL,NULL,NULL,utf8mb4,utf8mb4_unicode_ci,varchar(20),,,"select,insert,update,references",,NEVER,NULL
def,db_1008249002,mst_comp,versioninfo,11,NULL,YES,varchar,20,80,NULL,NULL,NULL,utf8mb4,utf8mb4_unicode_ci,varchar(20),,,"select,insert,update,references",,NEVER,NULL
def,db_1008249002,mst_comp,otherinfo,12,NULL,YES,varchar,500,2000,NULL,NULL,NULL,utf8mb4,utf8mb4_unicode_ci,varchar(500),,,"select,insert,update,references",,NEVER,NULL
def,db_1008249002,mst_comp,createdAt,13,NULL,NO,datetime,NULL,NULL,NULL,NULL,0,NULL,NULL,datetime,,,"select,insert,update,references",,NEVER,NULL
def,db_1008249002,mst_comp,updatedAt,14,NULL,NO,datetime,NULL,NULL,NULL,NULL,0,NULL,NULL,datetime,,,"select,insert,update,references",,NEVER,NULL
def,db_1008249002,mst_comp,api_call,15,1,YES,int,NULL,NULL,10,0,NULL,NULL,NULL,int(1),,,"select,insert,update,references",,NEVER,NULL
def,db_1008249002,mst_credit_notes,id,1,NULL,NO,int,NULL,NULL,10,0,NULL,NULL,NULL,int(8),PRI,auto_increment,"select,insert,update,references",,NEVER,NULL
def,db_1008249002,mst_credit_notes,trans_batch_id,2,NULL,YES,int,NULL,NULL,10,0,NULL,NULL,NULL,int(6),,,"select,insert,update,references",,NEVER,NULL
def,db_1008249002,mst_credit_notes,voucher_number,3,NULL,YES,varchar,50,200,NULL,NULL,NULL,utf8mb4,utf8mb4_unicode_ci,varchar(50),,,"select,insert,update,references",,NEVER,NULL
def,db_1008249002,mst_credit_notes,invoice_id,4,NULL,YES,varchar,100,400,NULL,NULL,NULL,utf8mb4,utf8mb4_unicode_ci,varchar(100),,,"select,insert,update,references",,NEVER,NULL
def,db_1008249002,mst_credit_notes,invoice_no,5,NULL,YES,varchar,100,400,NULL,NULL,NULL,utf8mb4,utf8mb4_unicode_ci,varchar(100),,,"select,insert,update,references",,NEVER,NULL
def,db_1008249002,mst_credit_notes,json_single_array,6,NULL,YES,text,65535,65535,NULL,NULL,NULL,utf8mb4,utf8mb4_unicode_ci,text,,,"select,insert,update,references",,NEVER,NULL
def,db_1008249002,mst_credit_notes,json_single_array_encoded,7,NULL,YES,text,65535,65535,NULL,NULL,NULL,utf8mb4,utf8mb4_unicode_ci,text,,,"select,insert,update,references",,NEVER,NULL
def,db_1008249002,mst_credit_notes,api_response,8,NULL,YES,text,65535,65535,NULL,NULL,NULL,utf8mb4,utf8mb4_unicode_ci,text,,,"select,insert,update,references",,NEVER,NULL
def,db_1008249002,mst_credit_notes,reference_number,9,NULL,YES,varchar,100,400,NULL,NULL,NULL,utf8mb4,utf8mb4_unicode_ci,varchar(100),,,"select,insert,update,references",,NEVER,NULL
def,db_1008249002,mst_credit_notes,credit_note_number,10,NULL,YES,varchar,100,400,NULL,NULL,NULL,utf8mb4,utf8mb4_unicode_ci,varchar(100),,,"select,insert,update,references",,NEVER,NULL
def,db_1008249002,mst_credit_notes,res_invoice_no,11,NULL,YES,varchar,50,200,NULL,NULL,NULL,utf8mb4,utf8mb4_unicode_ci,varchar(50),,,"select,insert,update,references",,NEVER,NULL
def,db_1008249002,mst_credit_notes,res_invoice_id,12,NULL,YES,varchar,100,400,NULL,NULL,NULL,utf8mb4,utf8mb4_unicode_ci,varchar(100),,,"select,insert,update,references",,NEVER,NULL
def,db_1008249002,mst_credit_notes,res_antifake_code,13,NULL,YES,varchar,255,1020,NULL,NULL,NULL,utf8mb4,utf8mb4_unicode_ci,varchar(255),,,"select,insert,update,references",,NEVER,NULL
def,db_1008249002,mst_credit_notes,res_qr_code,14,NULL,YES,varchar,255,1020,NULL,NULL,NULL,utf8mb4,utf8mb4_unicode_ci,varchar(255),,,"select,insert,update,references",,NEVER,NULL
def,db_1008249002,mst_credit_notes,res_tin,15,NULL,YES,varchar,45,180,NULL,NULL,NULL,utf8mb4,utf8mb4_unicode_ci,varchar(45),,,"select,insert,update,references",,NEVER,NULL
def,db_1008249002,mst_credit_notes,response_t108,16,NULL,YES,text,65535,65535,NULL,NULL,NULL,utf8mb4,utf8mb4_unicode_ci,text,,,"select,insert,update,references",,NEVER,NULL
def,db_1008249002,mst_credit_notes,error_code,17,NULL,YES,varchar,45,180,NULL,NULL,NULL,utf8mb4,utf8mb4_unicode_ci,varchar(45),,,"select,insert,update,references",,NEVER,NULL
def,db_1008249002,mst_credit_notes,error_message,18,NULL,YES,text,65535,65535,NULL,NULL,NULL,utf8mb4,utf8mb4_unicode_ci,text,,,"select,insert,update,references",,NEVER,NULL
def,db_1008249002,mst_credit_notes,created_at,19,NULL,YES,datetime,NULL,NULL,NULL,NULL,0,NULL,NULL,datetime,,,"select,insert,update,references",,NEVER,NULL
def,db_1008249002,mst_credit_notes,updated_at,20,NULL,YES,datetime,NULL,NULL,NULL,NULL,0,NULL,NULL,datetime,,,"select,insert,update,references",,NEVER,NULL
def,db_1008249002,mst_debit_notes,id,1,NULL,NO,int,NULL,NULL,10,0,NULL,NULL,NULL,int(8),PRI,auto_increment,"select,insert,update,references",,NEVER,NULL
def,db_1008249002,mst_debit_notes,trans_batch_id,2,NULL,YES,int,NULL,NULL,10,0,NULL,NULL,NULL,int(6),,,"select,insert,update,references",,NEVER,NULL
def,db_1008249002,mst_debit_notes,voucher_number,3,NULL,YES,varchar,100,400,NULL,NULL,NULL,utf8mb4,utf8mb4_unicode_ci,varchar(100),,,"select,insert,update,references",,NEVER,NULL
def,db_1008249002,mst_debit_notes,json_single_array,4,NULL,YES,text,65535,65535,NULL,NULL,NULL,utf8mb4,utf8mb4_unicode_ci,text,,,"select,insert,update,references",,NEVER,NULL
def,db_1008249002,mst_debit_notes,json_single_array_encoded,5,NULL,YES,text,65535,65535,NULL,NULL,NULL,utf8mb4,utf8mb4_unicode_ci,text,,,"select,insert,update,references",,NEVER,NULL
def,db_1008249002,mst_debit_notes,api_response,6,NULL,YES,text,65535,65535,NULL,NULL,NULL,utf8mb4,utf8mb4_unicode_ci,text,,,"select,insert,update,references",,NEVER,NULL
def,db_1008249002,mst_debit_notes,invoice_id,7,NULL,YES,varchar,45,180,NULL,NULL,NULL,utf8mb4,utf8mb4_unicode_ci,varchar(45),,,"select,insert,update,references",,NEVER,NULL
def,db_1008249002,mst_debit_notes,tin,8,NULL,YES,varchar,45,180,NULL,NULL,NULL,utf8mb4,utf8mb4_unicode_ci,varchar(45),,,"select,insert,update,references",,NEVER,NULL
def,db_1008249002,mst_debit_notes,qr_code,9,NULL,YES,varchar,255,1020,NULL,NULL,NULL,utf8mb4,utf8mb4_unicode_ci,varchar(255),,,"select,insert,update,references",,NEVER,NULL
def,db_1008249002,mst_debit_notes,antifakeCode,10,NULL,YES,varchar,45,180,NULL,NULL,NULL,utf8mb4,utf8mb4_unicode_ci,varchar(45),,,"select,insert,update,references",,NEVER,NULL
def,db_1008249002,mst_debit_notes,invoiceNo,11,NULL,YES,varchar,45,180,NULL,NULL,NULL,utf8mb4,utf8mb4_unicode_ci,varchar(45),,,"select,insert,update,references",,NEVER,NULL
def,db_1008249002,mst_debit_notes,error_code,12,NULL,YES,varchar,45,180,NULL,NULL,NULL,utf8mb4,utf8mb4_unicode_ci,varchar(45),,,"select,insert,update,references",,NEVER,NULL
def,db_1008249002,mst_debit_notes,error_message,13,NULL,YES,text,65535,65535,NULL,NULL,NULL,utf8mb4,utf8mb4_unicode_ci,text,,,"select,insert,update,references",,NEVER,NULL
def,db_1008249002,mst_debit_notes,created_at,14,NULL,YES,datetime,NULL,NULL,NULL,NULL,0,NULL,NULL,datetime,,,"select,insert,update,references",,NEVER,NULL
def,db_1008249002,mst_debit_notes,updated_at,15,NULL,YES,datetime,NULL,NULL,NULL,NULL,0,NULL,NULL,datetime,,,"select,insert,update,references",,NEVER,NULL
def,db_1008249002,mst_functionality,func_id,1,NULL,NO,int,NULL,NULL,10,0,NULL,NULL,NULL,int(3),PRI,auto_increment,"select,insert,update,references",,NEVER,NULL
def,db_1008249002,mst_functionality,func_name,2,NULL,YES,varchar,45,180,NULL,NULL,NULL,utf8mb4,utf8mb4_unicode_ci,varchar(45),,,"select,insert,update,references",,NEVER,NULL
def,db_1008249002,mst_functionality,priority_level,3,NULL,YES,varchar,5,20,NULL,NULL,NULL,utf8mb4,utf8mb4_unicode_ci,varchar(5),,,"select,insert,update,references",,NEVER,NULL
def,db_1008249002,mst_functionality,func_type,4,NULL,YES,varchar,45,180,NULL,NULL,NULL,utf8mb4,utf8mb4_unicode_ci,varchar(45),,,"select,insert,update,references",,NEVER,NULL
def,db_1008249002,mst_functionality,is_active,5,NULL,YES,int,NULL,NULL,10,0,NULL,NULL,NULL,int(1),,,"select,insert,update,references",,NEVER,NULL
def,db_1008249002,mst_functionality,created_by,6,NULL,YES,varchar,50,200,NULL,NULL,NULL,utf8mb4,utf8mb4_unicode_ci,varchar(50),,,"select,insert,update,references",,NEVER,NULL
def,db_1008249002,mst_functionality,updated_by,7,NULL,YES,varchar,50,200,NULL,NULL,NULL,utf8mb4,utf8mb4_unicode_ci,varchar(50),,,"select,insert,update,references",,NEVER,NULL
def,db_1008249002,mst_functionality,createdAt,8,NULL,NO,datetime,NULL,NULL,NULL,NULL,0,NULL,NULL,datetime,,,"select,insert,update,references",,NEVER,NULL
def,db_1008249002,mst_functionality,updatedAt,9,NULL,NO,datetime,NULL,NULL,NULL,NULL,0,NULL,NULL,datetime,,,"select,insert,update,references",,NEVER,NULL
def,db_1008249002,mst_godown,gdw_id,1,NULL,NO,int,NULL,NULL,10,0,NULL,NULL,NULL,int(11),PRI,,"select,insert,update,references",,NEVER,NULL
def,db_1008249002,mst_godown,name,2,NULL,YES,varchar,255,1020,NULL,NULL,NULL,utf8mb4,utf8mb4_general_ci,varchar(255),,,"select,insert,update,references",,NEVER,NULL
def,db_1008249002,mst_godown,is_active,3,NULL,YES,varchar,45,180,NULL,NULL,NULL,utf8mb4,utf8mb4_general_ci,varchar(45),,,"select,insert,update,references",,NEVER,NULL
def,db_1008249002,mst_godown,created_at,4,NULL,YES,varchar,45,180,NULL,NULL,NULL,utf8mb4,utf8mb4_general_ci,varchar(45),,,"select,insert,update,references","		",NEVER,NULL
def,db_1008249002,mst_godown,updated_at,5,NULL,YES,datetime,NULL,NULL,NULL,NULL,0,NULL,NULL,datetime,,,"select,insert,update,references",,NEVER,NULL
def,db_1008249002,mst_invoice,id,1,NULL,NO,int,NULL,NULL,10,0,NULL,NULL,NULL,int(10),PRI,auto_increment,"select,insert,update,references",,NEVER,NULL
def,db_1008249002,mst_invoice,trans_exceldata_hdr_id,2,NULL,NO,int,NULL,NULL,10,0,NULL,NULL,NULL,int(6),,,"select,insert,update,references",,NEVER,NULL
def,db_1008249002,mst_invoice,invoice_id,3,NULL,YES,varchar,45,180,NULL,NULL,NULL,utf8mb4,utf8mb4_unicode_ci,varchar(45),,,"select,insert,update,references",,NEVER,NULL
def,db_1008249002,mst_invoice,tin,4,NULL,YES,varchar,45,180,NULL,NULL,NULL,utf8mb4,utf8mb4_unicode_ci,varchar(45),,,"select,insert,update,references",,NEVER,NULL
def,db_1008249002,mst_invoice,qr_code,5,NULL,YES,varchar,255,1020,NULL,NULL,NULL,utf8mb4,utf8mb4_unicode_ci,varchar(255),,,"select,insert,update,references",,NEVER,NULL
def,db_1008249002,mst_invoice,antifakeCode,6,NULL,YES,varchar,45,180,NULL,NULL,NULL,utf8mb4,utf8mb4_unicode_ci,varchar(45),,,"select,insert,update,references",,NEVER,NULL
def,db_1008249002,mst_invoice,invoiceNo,7,NULL,YES,varchar,45,180,NULL,NULL,NULL,utf8mb4,utf8mb4_unicode_ci,varchar(45),,,"select,insert,update,references",,NEVER,NULL
def,db_1008249002,mst_invoice,error_code,8,NULL,YES,varchar,45,180,NULL,NULL,NULL,utf8mb4,utf8mb4_unicode_ci,varchar(45),,,"select,insert,update,references",,NEVER,NULL
def,db_1008249002,mst_invoice,error_message,9,NULL,YES,text,65535,65535,NULL,NULL,NULL,utf8mb4,utf8mb4_unicode_ci,text,,,"select,insert,update,references",,NEVER,NULL
def,db_1008249002,mst_invoice,pdf,10,NULL,YES,varchar,255,1020,NULL,NULL,NULL,utf8mb4,utf8mb4_unicode_ci,varchar(255),,,"select,insert,update,references",,NEVER,NULL
def,db_1008249002,mst_invoice,created_at,11,NULL,YES,datetime,NULL,NULL,NULL,NULL,0,NULL,NULL,datetime,,,"select,insert,update,references",,NEVER,NULL
def,db_1008249002,mst_invoice,updated_at,12,NULL,YES,datetime,NULL,NULL,NULL,NULL,0,NULL,NULL,datetime,,,"select,insert,update,references",,NEVER,NULL
def,db_1008249002,mst_invoice,voucher_number,13,NULL,YES,varchar,45,180,NULL,NULL,NULL,utf8mb4,utf8mb4_unicode_ci,varchar(45),,,"select,insert,update,references",,NEVER,NULL
def,db_1008249002,mst_invoice,godown_id,14,NULL,YES,varchar,45,180,NULL,NULL,NULL,utf8mb4,utf8mb4_unicode_ci,varchar(45),,,"select,insert,update,references",,NEVER,NULL
def,db_1008249002,mst_payment,id,1,NULL,NO,int,NULL,NULL,10,0,NULL,NULL,NULL,int(11),PRI,auto_increment,"select,insert,update,references",,NEVER,NULL
def,db_1008249002,mst_payment,name,2,NULL,YES,varchar,255,1020,NULL,NULL,NULL,utf8mb4,utf8mb4_general_ci,varchar(255),,,"select,insert,update,references",,NEVER,NULL
def,db_1008249002,mst_payment,key,3,NULL,YES,varchar,45,180,NULL,NULL,NULL,utf8mb4,utf8mb4_general_ci,varchar(45),,,"select,insert,update,references",,NEVER,NULL
def,db_1008249002,mst_payment,is_active,4,NULL,YES,varchar,45,180,NULL,NULL,NULL,utf8mb4,utf8mb4_general_ci,varchar(45),,,"select,insert,update,references",,NEVER,NULL
def,db_1008249002,mst_payment,created_at,5,NULL,YES,varchar,45,180,NULL,NULL,NULL,utf8mb4,utf8mb4_general_ci,varchar(45),,,"select,insert,update,references","		",NEVER,NULL
def,db_1008249002,mst_payment,updated_at,6,NULL,YES,datetime,NULL,NULL,NULL,NULL,0,NULL,NULL,datetime,,,"select,insert,update,references",,NEVER,NULL
def,db_1008249002,mst_product,goods_code,1,NULL,NO,varchar,11,11,NULL,NULL,NULL,latin1,latin1_swedish_ci,varchar(11),,,"select,insert,update,references",,NEVER,NULL
def,db_1008249002,mst_product,goods_name,2,NULL,YES,varchar,100,100,NULL,NULL,NULL,latin1,latin1_swedish_ci,varchar(100),,,"select,insert,update,references",,NEVER,NULL
def,db_1008249002,mst_product,batch_id,3,NULL,YES,varchar,45,45,NULL,NULL,NULL,latin1,latin1_swedish_ci,varchar(45),,,"select,insert,update,references",,NEVER,NULL
def,db_1008249002,mst_product,prod_id,4,NULL,YES,int,NULL,NULL,10,0,NULL,NULL,NULL,int(11),,,"select,insert,update,references",,NEVER,NULL
def,db_1008249002,mst_product,commodityCategoryId,5,NULL,YES,varchar,45,45,NULL,NULL,NULL,latin1,latin1_swedish_ci,varchar(45),,,"select,insert,update,references",,NEVER,NULL
def,db_1008249002,mst_product,createdAt,6,NULL,YES,datetime,NULL,NULL,NULL,NULL,0,NULL,NULL,datetime,,,"select,insert,update,references",,NEVER,NULL
def,db_1008249002,mst_product,updatedAt,7,NULL,YES,datetime,NULL,NULL,NULL,NULL,0,NULL,NULL,datetime,,,"select,insert,update,references",,NEVER,NULL
def,db_1008249002,mst_product_creates,id,1,NULL,NO,int,NULL,NULL,10,0,NULL,NULL,NULL,int(8),PRI,auto_increment,"select,insert,update,references",,NEVER,NULL
def,db_1008249002,mst_product_creates,trans_batch_id,2,NULL,YES,int,NULL,NULL,10,0,NULL,NULL,NULL,int(6),,,"select,insert,update,references",,NEVER,NULL
def,db_1008249002,mst_product_creates,json_single_array,3,NULL,YES,text,65535,65535,NULL,NULL,NULL,utf8mb4,utf8mb4_unicode_ci,text,,,"select,insert,update,references",,NEVER,NULL
def,db_1008249002,mst_product_creates,json_single_array_encoded,4,NULL,YES,text,65535,65535,NULL,NULL,NULL,utf8mb4,utf8mb4_unicode_ci,text,,,"select,insert,update,references",,NEVER,NULL
def,db_1008249002,mst_product_creates,api_response,5,NULL,YES,text,65535,65535,NULL,NULL,NULL,utf8mb4,utf8mb4_unicode_ci,text,,,"select,insert,update,references",,NEVER,NULL
def,db_1008249002,mst_product_creates,error_code,6,NULL,YES,varchar,45,180,NULL,NULL,NULL,utf8mb4,utf8mb4_unicode_ci,varchar(45),,,"select,insert,update,references",,NEVER,NULL
def,db_1008249002,mst_product_creates,error_message,7,NULL,YES,text,65535,65535,NULL,NULL,NULL,utf8mb4,utf8mb4_unicode_ci,text,,,"select,insert,update,references",,NEVER,NULL
def,db_1008249002,mst_product_creates,created_at,8,NULL,YES,datetime,NULL,NULL,NULL,NULL,0,NULL,NULL,datetime,,,"select,insert,update,references",,NEVER,NULL
def,db_1008249002,mst_product_creates,updated_at,9,NULL,YES,datetime,NULL,NULL,NULL,NULL,0,NULL,NULL,datetime,,,"select,insert,update,references",,NEVER,NULL
def,db_1008249002,mst_purchases,id,1,NULL,NO,int,NULL,NULL,10,0,NULL,NULL,NULL,int(8),PRI,auto_increment,"select,insert,update,references",,NEVER,NULL
def,db_1008249002,mst_purchases,trans_batch_id,2,NULL,YES,int,NULL,NULL,10,0,NULL,NULL,NULL,int(6),,,"select,insert,update,references",,NEVER,NULL
def,db_1008249002,mst_purchases,voucher_number,3,NULL,YES,varchar,45,180,NULL,NULL,NULL,utf8mb4,utf8mb4_unicode_ci,varchar(45),,,"select,insert,update,references",,NEVER,NULL
def,db_1008249002,mst_purchases,json_single_array,4,NULL,YES,text,65535,65535,NULL,NULL,NULL,utf8mb4,utf8mb4_unicode_ci,text,,,"select,insert,update,references",,NEVER,NULL
def,db_1008249002,mst_purchases,json_single_array_encoded,5,NULL,YES,text,65535,65535,NULL,NULL,NULL,utf8mb4,utf8mb4_unicode_ci,text,,,"select,insert,update,references",,NEVER,NULL
def,db_1008249002,mst_purchases,api_response,6,NULL,YES,text,65535,65535,NULL,NULL,NULL,utf8mb4,utf8mb4_unicode_ci,text,,,"select,insert,update,references",,NEVER,NULL
def,db_1008249002,mst_purchases,error_code,7,NULL,YES,varchar,45,180,NULL,NULL,NULL,utf8mb4,utf8mb4_unicode_ci,varchar(45),,,"select,insert,update,references",,NEVER,NULL
def,db_1008249002,mst_purchases,error_message,8,NULL,YES,text,65535,65535,NULL,NULL,NULL,utf8mb4,utf8mb4_unicode_ci,text,,,"select,insert,update,references",,NEVER,NULL
def,db_1008249002,mst_purchases,created_at,9,NULL,YES,datetime,NULL,NULL,NULL,NULL,0,NULL,NULL,datetime,,,"select,insert,update,references",,NEVER,NULL
def,db_1008249002,mst_purchases,updated_at,10,NULL,YES,datetime,NULL,NULL,NULL,NULL,0,NULL,NULL,datetime,,,"select,insert,update,references",,NEVER,NULL
def,db_1008249002,mst_purchases,telly_mst_id,11,NULL,YES,int,NULL,NULL,10,0,NULL,NULL,NULL,int(11),,,"select,insert,update,references",,NEVER,NULL
def,db_1008249002,mst_purchases,spp_inv_no,12,NULL,YES,varchar,45,180,NULL,NULL,NULL,utf8mb4,utf8mb4_unicode_ci,varchar(45),,,"select,insert,update,references",,NEVER,NULL
def,db_1008249002,mst_report,report_id,1,NULL,NO,int,NULL,NULL,10,0,NULL,NULL,NULL,int(11),PRI,auto_increment,"select,insert,update,references",,NEVER,NULL
def,db_1008249002,mst_report,report_name,2,NULL,NO,varchar,100,400,NULL,NULL,NULL,utf8mb4,utf8mb4_general_ci,varchar(100),,,"select,insert,update,references",,NEVER,NULL
def,db_1008249002,mst_report,report_view,3,NULL,NO,varchar,100,400,NULL,NULL,NULL,utf8mb4,utf8mb4_general_ci,varchar(100),,,"select,insert,update,references",,NEVER,NULL
def,db_1008249002,mst_report,filters,4,NULL,YES,text,65535,65535,NULL,NULL,NULL,utf8mb4,utf8mb4_general_ci,text,,,"select,insert,update,references",,NEVER,NULL
def,db_1008249002,mst_report,headers,5,NULL,YES,text,65535,65535,NULL,NULL,NULL,utf8mb4,utf8mb4_general_ci,text,,,"select,insert,update,references",,NEVER,NULL
def,db_1008249002,mst_report,columns,6,NULL,YES,text,65535,65535,NULL,NULL,NULL,utf8mb4,utf8mb4_general_ci,text,,,"select,insert,update,references",,NEVER,NULL
def,db_1008249002,mst_report,Title,7,NULL,YES,varchar,45,180,NULL,NULL,NULL,utf8mb4,utf8mb4_general_ci,varchar(45),,,"select,insert,update,references",,NEVER,NULL
def,db_1008249002,mst_role,role_id,1,NULL,NO,int,NULL,NULL,10,0,NULL,NULL,NULL,int(2),PRI,auto_increment,"select,insert,update,references",,NEVER,NULL
def,db_1008249002,mst_role,role_name,2,NULL,YES,varchar,45,180,NULL,NULL,NULL,utf8mb4,utf8mb4_unicode_ci,varchar(45),,,"select,insert,update,references",,NEVER,NULL
def,db_1008249002,mst_role,role_access,3,NULL,YES,text,65535,65535,NULL,NULL,NULL,utf8mb4,utf8mb4_unicode_ci,text,,,"select,insert,update,references",,NEVER,NULL
def,db_1008249002,mst_role,php_access,4,NULL,YES,text,65535,65535,NULL,NULL,NULL,utf8mb4,utf8mb4_unicode_ci,text,,,"select,insert,update,references",,NEVER,NULL
def,db_1008249002,mst_role,mobile_access,5,NULL,YES,text,65535,65535,NULL,NULL,NULL,utf8mb4,utf8mb4_unicode_ci,text,,,"select,insert,update,references",,NEVER,NULL
def,db_1008249002,mst_role,is_active,6,NULL,YES,int,NULL,NULL,10,0,NULL,NULL,NULL,int(1),,,"select,insert,update,references",,NEVER,NULL
def,db_1008249002,mst_role,createdBy,7,NULL,YES,varchar,45,180,NULL,NULL,NULL,utf8mb4,utf8mb4_unicode_ci,varchar(45),,,"select,insert,update,references",,NEVER,NULL
def,db_1008249002,mst_role,updatedBy,8,NULL,YES,varchar,45,180,NULL,NULL,NULL,utf8mb4,utf8mb4_unicode_ci,varchar(45),,,"select,insert,update,references",,NEVER,NULL
def,db_1008249002,mst_role,createdAt,9,NULL,NO,datetime,NULL,NULL,NULL,NULL,0,NULL,NULL,datetime,,,"select,insert,update,references",,NEVER,NULL
def,db_1008249002,mst_role,updatedAt,10,NULL,NO,datetime,NULL,NULL,NULL,NULL,0,NULL,NULL,datetime,,,"select,insert,update,references",,NEVER,NULL
def,db_1008249002,mst_salesman_invoice,id,1,NULL,NO,int,NULL,NULL,10,0,NULL,NULL,NULL,int(10),PRI,auto_increment,"select,insert,update,references",,NEVER,NULL
def,db_1008249002,mst_salesman_invoice,trip_id,2,NULL,NO,int,NULL,NULL,10,0,NULL,NULL,NULL,int(6),,,"select,insert,update,references",,NEVER,NULL
def,db_1008249002,mst_salesman_invoice,salesman_id,3,NULL,NO,int,NULL,NULL,10,0,NULL,NULL,NULL,int(6),,,"select,insert,update,references",,NEVER,NULL
def,db_1008249002,mst_salesman_invoice,gdw_id,4,NULL,YES,int,NULL,NULL,10,0,NULL,NULL,NULL,int(11),,,"select,insert,update,references",,NEVER,NULL
def,db_1008249002,mst_salesman_invoice,voucher_number,5,NULL,YES,varchar,45,135,NULL,NULL,NULL,utf8,utf8_unicode_ci,varchar(45),,,"select,insert,update,references",,NEVER,NULL
def,db_1008249002,mst_salesman_invoice,json_single_array,6,NULL,YES,text,65535,65535,NULL,NULL,NULL,utf8,utf8_unicode_ci,text,,,"select,insert,update,references",,NEVER,NULL
def,db_1008249002,mst_salesman_invoice,json_single_array_encoded,7,NULL,YES,text,65535,65535,NULL,NULL,NULL,utf8,utf8_unicode_ci,text,,,"select,insert,update,references",,NEVER,NULL
def,db_1008249002,mst_salesman_invoice,api_response,8,NULL,YES,text,65535,65535,NULL,NULL,NULL,utf8,utf8_unicode_ci,text,,,"select,insert,update,references",,NEVER,NULL
def,db_1008249002,mst_salesman_invoice,invoice_id,9,NULL,YES,varchar,45,135,NULL,NULL,NULL,utf8,utf8_unicode_ci,varchar(45),,,"select,insert,update,references",,NEVER,NULL
def,db_1008249002,mst_salesman_invoice,tin,10,NULL,YES,varchar,45,135,NULL,NULL,NULL,utf8,utf8_unicode_ci,varchar(45),,,"select,insert,update,references",,NEVER,NULL
def,db_1008249002,mst_salesman_invoice,qr_code,11,NULL,YES,varchar,255,765,NULL,NULL,NULL,utf8,utf8_unicode_ci,varchar(255),,,"select,insert,update,references",,NEVER,NULL
def,db_1008249002,mst_salesman_invoice,antifakeCode,12,NULL,YES,varchar,45,135,NULL,NULL,NULL,utf8,utf8_unicode_ci,varchar(45),,,"select,insert,update,references",,NEVER,NULL
def,db_1008249002,mst_salesman_invoice,invoiceNo,13,NULL,YES,varchar,45,135,NULL,NULL,NULL,utf8,utf8_unicode_ci,varchar(45),,,"select,insert,update,references",,NEVER,NULL
def,db_1008249002,mst_salesman_invoice,error_code,14,NULL,YES,varchar,45,135,NULL,NULL,NULL,utf8,utf8_unicode_ci,varchar(45),,,"select,insert,update,references",,NEVER,NULL
def,db_1008249002,mst_salesman_invoice,error_message,15,NULL,YES,text,65535,65535,NULL,NULL,NULL,utf8,utf8_unicode_ci,text,,,"select,insert,update,references",,NEVER,NULL
def,db_1008249002,mst_salesman_invoice,pdf,16,NULL,YES,varchar,255,765,NULL,NULL,NULL,utf8,utf8_unicode_ci,varchar(255),,,"select,insert,update,references",,NEVER,NULL
def,db_1008249002,mst_salesman_invoice,tally_sync,17,0,YES,int,NULL,NULL,10,0,NULL,NULL,NULL,int(1),,,"select,insert,update,references",,NEVER,NULL
def,db_1008249002,mst_salesman_invoice,is_active,18,1,NO,int,NULL,NULL,10,0,NULL,NULL,NULL,int(1),,,"select,insert,update,references",,NEVER,NULL
def,db_1008249002,mst_salesman_invoice,created_at,19,NULL,YES,text,65535,65535,NULL,NULL,NULL,utf8,utf8_unicode_ci,text,,,"select,insert,update,references",,NEVER,NULL
def,db_1008249002,mst_salesman_invoice,updated_at,20,NULL,YES,text,65535,65535,NULL,NULL,NULL,utf8,utf8_unicode_ci,text,,,"select,insert,update,references",,NEVER,NULL
def,db_1008249002,mst_salesman_invoice,is_stock_adj,21,0,YES,int,NULL,NULL,10,0,NULL,NULL,NULL,int(2),,,"select,insert,update,references",,NEVER,NULL
def,db_1008249002,mst_salesman_invoice,netAmount,22,NULL,YES,varchar,225,675,NULL,NULL,NULL,utf8,utf8_unicode_ci,varchar(225),,,"select,insert,update,references",,NEVER,NULL
def,db_1008249002,mst_salesman_invoice,taxAmount,23,NULL,YES,varchar,225,675,NULL,NULL,NULL,utf8,utf8_unicode_ci,varchar(225),,,"select,insert,update,references",,NEVER,NULL
def,db_1008249002,mst_salesman_invoice,grossAmount,24,NULL,YES,varchar,225,675,NULL,NULL,NULL,utf8,utf8_unicode_ci,varchar(225),,,"select,insert,update,references",,NEVER,NULL
def,db_1008249002,mst_salesman_invoice,itemCount,25,NULL,YES,varchar,225,675,NULL,NULL,NULL,utf8,utf8_unicode_ci,varchar(225),,,"select,insert,update,references",,NEVER,NULL
def,db_1008249002,mst_salesman_invoice,buyerTin,26,NULL,YES,varchar,45,135,NULL,NULL,NULL,utf8,utf8_unicode_ci,varchar(45),,,"select,insert,update,references",,NEVER,NULL
def,db_1008249002,mst_salesman_invoice,buyerLegalName,27,NULL,YES,varchar,225,675,NULL,NULL,NULL,utf8,utf8_unicode_ci,varchar(225),,,"select,insert,update,references",,NEVER,NULL
def,db_1008249002,mst_sales_man,sales_man_id,1,NULL,NO,int,NULL,NULL,10,0,NULL,NULL,NULL,int(11),PRI,auto_increment,"select,insert,update,references",,NEVER,NULL
def,db_1008249002,mst_sales_man,name,2,NULL,YES,varchar,105,315,NULL,NULL,NULL,utf8,utf8_unicode_ci,varchar(105),,,"select,insert,update,references",,NEVER,NULL
def,db_1008249002,mst_sales_man,mobile,3,NULL,YES,varchar,15,45,NULL,NULL,NULL,utf8,utf8_unicode_ci,varchar(15),,,"select,insert,update,references",,NEVER,NULL
def,db_1008249002,mst_sales_man,pin,4,NULL,YES,varchar,100,300,NULL,NULL,NULL,utf8,utf8_unicode_ci,varchar(100),,,"select,insert,update,references",,NEVER,NULL
def,db_1008249002,mst_sales_man,otp,5,NULL,YES,int,NULL,NULL,10,0,NULL,NULL,NULL,int(11),,,"select,insert,update,references",,NEVER,NULL
def,db_1008249002,mst_sales_man,price,6,0,YES,int,NULL,NULL,10,0,NULL,NULL,NULL,int(15),,,"select,insert,update,references",,NEVER,NULL
def,db_1008249002,mst_sales_man,sales_acc_id,7,NULL,YES,varchar,200,600,NULL,NULL,NULL,utf8,utf8_unicode_ci,varchar(200),,,"select,insert,update,references",,NEVER,NULL
def,db_1008249002,mst_sales_man,vat_acc_id,8,NULL,YES,varchar,200,600,NULL,NULL,NULL,utf8,utf8_unicode_ci,varchar(200),,,"select,insert,update,references",,NEVER,NULL
def,db_1008249002,mst_sales_man,device_id,9,NULL,YES,varchar,200,600,NULL,NULL,NULL,utf8,utf8_unicode_ci,varchar(200),,,"select,insert,update,references",,NEVER,NULL
def,db_1008249002,mst_sales_man,fcm,10,NULL,YES,varchar,100,300,NULL,NULL,NULL,utf8,utf8_unicode_ci,varchar(100),,,"select,insert,update,references",,NEVER,NULL
def,db_1008249002,mst_sales_man,env_info,11,NULL,YES,varchar,451,1353,NULL,NULL,NULL,utf8,utf8_unicode_ci,varchar(451),,,"select,insert,update,references",,NEVER,NULL
def,db_1008249002,mst_sales_man,last_login,12,NULL,YES,datetime,NULL,NULL,NULL,NULL,0,NULL,NULL,datetime,,,"select,insert,update,references",,NEVER,NULL
def,db_1008249002,mst_sales_man,version_info,13,NULL,YES,varchar,205,615,NULL,NULL,NULL,utf8,utf8_unicode_ci,varchar(205),,,"select,insert,update,references",,NEVER,NULL
def,db_1008249002,mst_sales_man,other_info,14,NULL,YES,varchar,500,1500,NULL,NULL,NULL,utf8,utf8_unicode_ci,varchar(500),,,"select,insert,update,references",,NEVER,NULL
def,db_1008249002,mst_sales_man,is_active,15,1,YES,int,NULL,NULL,10,0,NULL,NULL,NULL,int(11),,,"select,insert,update,references",,NEVER,NULL
def,db_1008249002,mst_sales_man,created_by,16,NULL,YES,varchar,45,135,NULL,NULL,NULL,utf8,utf8_unicode_ci,varchar(45),,,"select,insert,update,references",,NEVER,NULL
def,db_1008249002,mst_sales_man,updated_by,17,NULL,YES,varchar,45,135,NULL,NULL,NULL,utf8,utf8_unicode_ci,varchar(45),,,"select,insert,update,references",,NEVER,NULL
def,db_1008249002,mst_sales_man,created_at,18,NULL,YES,datetime,NULL,NULL,NULL,NULL,0,NULL,NULL,datetime,,,"select,insert,update,references",,NEVER,NULL
def,db_1008249002,mst_sales_man,updated_at,19,NULL,YES,datetime,NULL,NULL,NULL,NULL,0,NULL,NULL,datetime,,,"select,insert,update,references",,NEVER,NULL
def,db_1008249002,mst_sales_man,gdw_id,20,NULL,YES,int,NULL,NULL,10,0,NULL,NULL,NULL,int(11),,,"select,insert,update,references",,NEVER,NULL
def,db_1008249002,mst_sales_man,voucher_id,21,NULL,YES,int,NULL,NULL,10,0,NULL,NULL,NULL,int(11),,,"select,insert,update,references",,NEVER,NULL
def,db_1008249002,mst_sales_man,prefix,22,NULL,YES,varchar,45,135,NULL,NULL,NULL,utf8,utf8_unicode_ci,varchar(45),,,"select,insert,update,references",,NEVER,NULL
def,db_1008249002,mst_san,id,1,NULL,NO,int,NULL,NULL,10,0,NULL,NULL,NULL,int(21),PRI,,"select,insert,update,references",,NEVER,NULL
def,db_1008249002,mst_san,name,2,NULL,YES,varchar,45,180,NULL,NULL,NULL,utf8mb4,utf8mb4_general_ci,varchar(45),,,"select,insert,update,references",,NEVER,NULL
def,db_1008249002,mst_san,contact,3,NULL,YES,int,NULL,NULL,10,0,NULL,NULL,NULL,int(8),,,"select,insert,update,references",,NEVER,NULL
def,db_1008249002,mst_san,address,4,NULL,YES,varchar,45,180,NULL,NULL,NULL,utf8mb4,utf8mb4_general_ci,varchar(45),,,"select,insert,update,references",,NEVER,NULL
def,db_1008249002,mst_schedulers,id,1,NULL,NO,int,NULL,NULL,10,0,NULL,NULL,NULL,int(8),PRI,auto_increment,"select,insert,update,references",,NEVER,NULL
def,db_1008249002,mst_schedulers,name,2,NULL,NO,varchar,45,45,NULL,NULL,NULL,latin1,latin1_swedish_ci,varchar(45),,,"select,insert,update,references",,NEVER,NULL
def,db_1008249002,mst_schedulers,log_mode,3,NULL,NO,varchar,10,10,NULL,NULL,NULL,latin1,latin1_swedish_ci,varchar(10),,,"select,insert,update,references",,NEVER,NULL
def,db_1008249002,mst_schedulers,status,4,0,NO,int,NULL,NULL,10,0,NULL,NULL,NULL,int(1),,,"select,insert,update,references",,NEVER,NULL
def,db_1008249002,mst_schedulers,created_at,5,NULL,NO,datetime,NULL,NULL,NULL,NULL,0,NULL,NULL,datetime,,,"select,insert,update,references",,NEVER,NULL
def,db_1008249002,mst_schedulers,updated_at,6,NULL,YES,datetime,NULL,NULL,NULL,NULL,0,NULL,NULL,datetime,,,"select,insert,update,references",,NEVER,NULL
def,db_1008249002,mst_seller,id,1,NULL,NO,int,NULL,NULL,10,0,NULL,NULL,NULL,int(11),PRI,auto_increment,"select,insert,update,references",,NEVER,NULL
def,db_1008249002,mst_seller,tally_id,2,NULL,NO,varchar,45,180,NULL,NULL,NULL,utf8mb4,utf8mb4_general_ci,varchar(45),,,"select,insert,update,references",,NEVER,NULL
def,db_1008249002,mst_seller,name,3,NULL,NO,varchar,45,180,NULL,NULL,NULL,utf8mb4,utf8mb4_general_ci,varchar(45),,,"select,insert,update,references",,NEVER,NULL
def,db_1008249002,mst_seller,tin,4,NULL,NO,varchar,45,180,NULL,NULL,NULL,utf8mb4,utf8mb4_general_ci,varchar(45),,,"select,insert,update,references",,NEVER,NULL
def,db_1008249002,mst_seller,customer_type,5,NULL,YES,varchar,45,180,NULL,NULL,NULL,utf8mb4,utf8mb4_general_ci,varchar(45),,,"select,insert,update,references",,NEVER,NULL
def,db_1008249002,mst_seller,is_active,6,1,NO,int,NULL,NULL,10,0,NULL,NULL,NULL,int(1),,,"select,insert,update,references",,NEVER,NULL
def,db_1008249002,mst_seller,created_by,7,NULL,YES,int,NULL,NULL,10,0,NULL,NULL,NULL,int(1),,,"select,insert,update,references",,NEVER,NULL
def,db_1008249002,mst_seller,createdAt,8,NULL,YES,datetime,NULL,NULL,NULL,NULL,0,NULL,NULL,datetime,,,"select,insert,update,references",,NEVER,NULL
def,db_1008249002,mst_seller,updated_by,9,NULL,YES,int,NULL,NULL,10,0,NULL,NULL,NULL,int(1),,,"select,insert,update,references",,NEVER,NULL
def,db_1008249002,mst_seller,updatedAt,10,NULL,YES,datetime,NULL,NULL,NULL,NULL,0,NULL,NULL,datetime,,,"select,insert,update,references",,NEVER,NULL
def,db_1008249002,mst_tax,id,1,NULL,NO,int,NULL,NULL,10,0,NULL,NULL,NULL,int(11),PRI,auto_increment,"select,insert,update,references",,NEVER,NULL
def,db_1008249002,mst_tax,name,2,NULL,YES,varchar,505,2020,NULL,NULL,NULL,utf8mb4,utf8mb4_general_ci,varchar(505),,,"select,insert,update,references",,NEVER,NULL
def,db_1008249002,mst_tax,category_code,3,NULL,YES,varchar,255,1020,NULL,NULL,NULL,utf8mb4,utf8mb4_general_ci,varchar(255),,,"select,insert,update,references",,NEVER,NULL
def,db_1008249002,mst_tax,tax,4,NULL,YES,varchar,255,1020,NULL,NULL,NULL,utf8mb4,utf8mb4_general_ci,varchar(255),,,"select,insert,update,references",,NEVER,NULL
def,db_1008249002,mst_tax,commodity_type,5,NULL,YES,varchar,255,1020,NULL,NULL,NULL,utf8mb4,utf8mb4_general_ci,varchar(255),,,"select,insert,update,references",,NEVER,NULL
def,db_1008249002,mst_tax,tax_type,6,NULL,YES,varchar,255,1020,NULL,NULL,NULL,utf8mb4,utf8mb4_general_ci,varchar(255),,,"select,insert,update,references",,NEVER,NULL
def,db_1008249002,mst_tax,is_active,7,NULL,YES,varchar,45,180,NULL,NULL,NULL,utf8mb4,utf8mb4_general_ci,varchar(45),,,"select,insert,update,references",,NEVER,NULL
def,db_1008249002,mst_user,user_id,1,NULL,NO,int,NULL,NULL,10,0,NULL,NULL,NULL,int(6),PRI,auto_increment,"select,insert,update,references",,NEVER,NULL
def,db_1008249002,mst_user,name,2,NULL,YES,varchar,50,200,NULL,NULL,NULL,utf8mb4,utf8mb4_unicode_ci,varchar(50),,,"select,insert,update,references",,NEVER,NULL
def,db_1008249002,mst_user,otp,3,NULL,YES,varchar,6,24,NULL,NULL,NULL,utf8mb4,utf8mb4_unicode_ci,varchar(6),,,"select,insert,update,references",,NEVER,NULL
def,db_1008249002,mst_user,mobile,4,NULL,YES,varchar,15,60,NULL,NULL,NULL,utf8mb4,utf8mb4_unicode_ci,varchar(15),,,"select,insert,update,references",,NEVER,NULL
def,db_1008249002,mst_user,role_id,5,NULL,YES,int,NULL,NULL,10,0,NULL,NULL,NULL,int(2),,,"select,insert,update,references",,NEVER,NULL
def,db_1008249002,mst_user,comp_id,6,NULL,YES,int,NULL,NULL,10,0,NULL,NULL,NULL,int(6),,,"select,insert,update,references",,NEVER,NULL
def,db_1008249002,mst_user,fcm,7,NULL,YES,varchar,250,1000,NULL,NULL,NULL,utf8mb4,utf8mb4_unicode_ci,varchar(250),,,"select,insert,update,references",,NEVER,NULL
def,db_1008249002,mst_user,password,8,NULL,YES,varchar,250,1000,NULL,NULL,NULL,utf8mb4,utf8mb4_unicode_ci,varchar(250),,,"select,insert,update,references",,NEVER,NULL
def,db_1008249002,mst_user,is_active,9,NULL,YES,int,NULL,NULL,10,0,NULL,NULL,NULL,int(1),,,"select,insert,update,references",,NEVER,NULL
def,db_1008249002,mst_user,source,10,1,YES,tinyint,NULL,NULL,3,0,NULL,NULL,NULL,tinyint(1),,,"select,insert,update,references","1: From Web
2: From API",NEVER,NULL
def,db_1008249002,mst_user,created_by,11,NULL,YES,varchar,50,200,NULL,NULL,NULL,utf8mb4,utf8mb4_unicode_ci,varchar(50),,,"select,insert,update,references",,NEVER,NULL
def,db_1008249002,mst_user,updated_by,12,NULL,YES,varchar,50,200,NULL,NULL,NULL,utf8mb4,utf8mb4_unicode_ci,varchar(50),,,"select,insert,update,references",,NEVER,NULL
def,db_1008249002,mst_user,envinfo,13,NULL,YES,varchar,20,80,NULL,NULL,NULL,utf8mb4,utf8mb4_unicode_ci,varchar(20),,,"select,insert,update,references",,NEVER,NULL
def,db_1008249002,mst_user,versioninfo,14,NULL,YES,varchar,20,80,NULL,NULL,NULL,utf8mb4,utf8mb4_unicode_ci,varchar(20),,,"select,insert,update,references",,NEVER,NULL
def,db_1008249002,mst_user,otherinfo,15,NULL,YES,varchar,500,2000,NULL,NULL,NULL,utf8mb4,utf8mb4_unicode_ci,varchar(500),,,"select,insert,update,references",,NEVER,NULL
def,db_1008249002,mst_user,createdAt,16,NULL,NO,datetime,NULL,NULL,NULL,NULL,0,NULL,NULL,datetime,,,"select,insert,update,references",,NEVER,NULL
def,db_1008249002,mst_user,updatedAt,17,NULL,NO,datetime,NULL,NULL,NULL,NULL,0,NULL,NULL,datetime,,,"select,insert,update,references",,NEVER,NULL
def,db_1008249002,oauth_access_tokens,id,1,NULL,NO,varchar,100,400,NULL,NULL,NULL,utf8mb4,utf8mb4_unicode_ci,varchar(100),PRI,,"select,insert,update,references",,NEVER,NULL
def,db_1008249002,oauth_access_tokens,user_id,2,NULL,YES,bigint,NULL,NULL,20,0,NULL,NULL,NULL,"bigint(20) unsigned",,,"select,insert,update,references",,NEVER,NULL
def,db_1008249002,oauth_access_tokens,client_id,3,NULL,NO,bigint,NULL,NULL,20,0,NULL,NULL,NULL,"bigint(20) unsigned",,,"select,insert,update,references",,NEVER,NULL
def,db_1008249002,oauth_access_tokens,name,4,NULL,YES,varchar,255,1020,NULL,NULL,NULL,utf8mb4,utf8mb4_unicode_ci,varchar(255),,,"select,insert,update,references",,NEVER,NULL
def,db_1008249002,oauth_access_tokens,scopes,5,NULL,YES,text,65535,65535,NULL,NULL,NULL,utf8mb4,utf8mb4_unicode_ci,text,,,"select,insert,update,references",,NEVER,NULL
def,db_1008249002,oauth_access_tokens,revoked,6,NULL,NO,tinyint,NULL,NULL,3,0,NULL,NULL,NULL,tinyint(1),,,"select,insert,update,references",,NEVER,NULL
def,db_1008249002,oauth_access_tokens,created_at,7,NULL,YES,timestamp,NULL,NULL,NULL,NULL,0,NULL,NULL,timestamp,,,"select,insert,update,references",,NEVER,NULL
def,db_1008249002,oauth_access_tokens,updated_at,8,NULL,YES,timestamp,NULL,NULL,NULL,NULL,0,NULL,NULL,timestamp,,,"select,insert,update,references",,NEVER,NULL
def,db_1008249002,oauth_access_tokens,expires_at,9,NULL,YES,datetime,NULL,NULL,NULL,NULL,0,NULL,NULL,datetime,,,"select,insert,update,references",,NEVER,NULL
def,db_1008249002,oauth_auth_codes,id,1,NULL,NO,varchar,100,400,NULL,NULL,NULL,utf8mb4,utf8mb4_unicode_ci,varchar(100),PRI,,"select,insert,update,references",,NEVER,NULL
def,db_1008249002,oauth_auth_codes,user_id,2,NULL,NO,bigint,NULL,NULL,20,0,NULL,NULL,NULL,"bigint(20) unsigned",,,"select,insert,update,references",,NEVER,NULL
def,db_1008249002,oauth_auth_codes,client_id,3,NULL,NO,bigint,NULL,NULL,20,0,NULL,NULL,NULL,"bigint(20) unsigned",,,"select,insert,update,references",,NEVER,NULL
def,db_1008249002,oauth_auth_codes,scopes,4,NULL,YES,text,65535,65535,NULL,NULL,NULL,utf8mb4,utf8mb4_unicode_ci,text,,,"select,insert,update,references",,NEVER,NULL
def,db_1008249002,oauth_auth_codes,revoked,5,NULL,NO,tinyint,NULL,NULL,3,0,NULL,NULL,NULL,tinyint(1),,,"select,insert,update,references",,NEVER,NULL
def,db_1008249002,oauth_auth_codes,expires_at,6,NULL,YES,datetime,NULL,NULL,NULL,NULL,0,NULL,NULL,datetime,,,"select,insert,update,references",,NEVER,NULL
def,db_1008249002,oauth_clients,id,1,NULL,NO,bigint,NULL,NULL,20,0,NULL,NULL,NULL,"bigint(20) unsigned zerofill",PRI,,"select,insert,update,references",,NEVER,NULL
def,db_1008249002,oauth_clients,user_id,2,NULL,YES,bigint,NULL,NULL,20,0,NULL,NULL,NULL,"bigint(20) unsigned",,,"select,insert,update,references",,NEVER,NULL
def,db_1008249002,oauth_clients,name,3,NULL,NO,varchar,255,1020,NULL,NULL,NULL,utf8mb4,utf8mb4_unicode_ci,varchar(255),,,"select,insert,update,references",,NEVER,NULL
def,db_1008249002,oauth_clients,secret,4,NULL,YES,varchar,100,400,NULL,NULL,NULL,utf8mb4,utf8mb4_unicode_ci,varchar(100),,,"select,insert,update,references",,NEVER,NULL
def,db_1008249002,oauth_clients,provider,5,NULL,YES,varchar,255,1020,NULL,NULL,NULL,utf8mb4,utf8mb4_unicode_ci,varchar(255),,,"select,insert,update,references",,NEVER,NULL
def,db_1008249002,oauth_clients,redirect,6,NULL,NO,text,65535,65535,NULL,NULL,NULL,utf8mb4,utf8mb4_unicode_ci,text,,,"select,insert,update,references",,NEVER,NULL
def,db_1008249002,oauth_clients,personal_access_client,7,NULL,NO,tinyint,NULL,NULL,3,0,NULL,NULL,NULL,tinyint(1),,,"select,insert,update,references",,NEVER,NULL
def,db_1008249002,oauth_clients,password_client,8,NULL,NO,tinyint,NULL,NULL,3,0,NULL,NULL,NULL,tinyint(1),,,"select,insert,update,references",,NEVER,NULL
def,db_1008249002,oauth_clients,revoked,9,NULL,NO,tinyint,NULL,NULL,3,0,NULL,NULL,NULL,tinyint(1),,,"select,insert,update,references",,NEVER,NULL
def,db_1008249002,oauth_clients,created_at,10,NULL,YES,timestamp,NULL,NULL,NULL,NULL,0,NULL,NULL,timestamp,,,"select,insert,update,references",,NEVER,NULL
def,db_1008249002,oauth_clients,updated_at,11,NULL,YES,timestamp,NULL,NULL,NULL,NULL,0,NULL,NULL,timestamp,,,"select,insert,update,references",,NEVER,NULL
def,db_1008249002,oauth_personal_access_clients,id,1,NULL,NO,bigint,NULL,NULL,20,0,NULL,NULL,NULL,"bigint(20) unsigned",PRI,auto_increment,"select,insert,update,references",,NEVER,NULL
def,db_1008249002,oauth_personal_access_clients,client_id,2,NULL,NO,bigint,NULL,NULL,20,0,NULL,NULL,NULL,"bigint(20) unsigned",,,"select,insert,update,references",,NEVER,NULL
def,db_1008249002,oauth_personal_access_clients,created_at,3,NULL,YES,timestamp,NULL,NULL,NULL,NULL,0,NULL,NULL,timestamp,,,"select,insert,update,references",,NEVER,NULL
def,db_1008249002,oauth_personal_access_clients,updated_at,4,NULL,YES,timestamp,NULL,NULL,NULL,NULL,0,NULL,NULL,timestamp,,,"select,insert,update,references",,NEVER,NULL
def,db_1008249002,oauth_refresh_tokens,id,1,NULL,NO,varchar,100,400,NULL,NULL,NULL,utf8mb4,utf8mb4_unicode_ci,varchar(100),PRI,,"select,insert,update,references",,NEVER,NULL
def,db_1008249002,oauth_refresh_tokens,access_token_id,2,NULL,NO,varchar,100,400,NULL,NULL,NULL,utf8mb4,utf8mb4_unicode_ci,varchar(100),,,"select,insert,update,references",,NEVER,NULL
def,db_1008249002,oauth_refresh_tokens,revoked,3,NULL,NO,tinyint,NULL,NULL,3,0,NULL,NULL,NULL,tinyint(1),,,"select,insert,update,references",,NEVER,NULL
def,db_1008249002,oauth_refresh_tokens,expires_at,4,NULL,YES,datetime,NULL,NULL,NULL,NULL,0,NULL,NULL,datetime,,,"select,insert,update,references",,NEVER,NULL
def,db_1008249002,password_resets,email,1,NULL,NO,varchar,255,1020,NULL,NULL,NULL,utf8mb4,utf8mb4_unicode_ci,varchar(255),PRI,,"select,insert,update,references",,NEVER,NULL
def,db_1008249002,password_resets,token,2,NULL,NO,varchar,255,1020,NULL,NULL,NULL,utf8mb4,utf8mb4_unicode_ci,varchar(255),,,"select,insert,update,references",,NEVER,NULL
def,db_1008249002,password_resets,created_at,3,NULL,YES,timestamp,NULL,NULL,NULL,NULL,0,NULL,NULL,timestamp,,,"select,insert,update,references",,NEVER,NULL
def,db_1008249002,plt_common,ptl_id,1,NULL,NO,int,NULL,NULL,10,0,NULL,NULL,NULL,int(6),PRI,auto_increment,"select,insert,update,references",,NEVER,NULL
def,db_1008249002,plt_common,plt_name,2,NULL,YES,varchar,50,200,NULL,NULL,NULL,utf8mb4,utf8mb4_unicode_ci,varchar(50),,,"select,insert,update,references",,NEVER,NULL
def,db_1008249002,plt_common,plt_val,3,NULL,YES,varchar,15,60,NULL,NULL,NULL,utf8mb4,utf8mb4_unicode_ci,varchar(15),,,"select,insert,update,references",,NEVER,NULL
def,db_1008249002,plt_common,plt_disp_val,4,NULL,YES,varchar,50,200,NULL,NULL,NULL,utf8mb4,utf8mb4_unicode_ci,varchar(50),,,"select,insert,update,references",,NEVER,NULL
def,db_1008249002,plt_common,plt_disp_priority,5,NULL,YES,int,NULL,NULL,10,0,NULL,NULL,NULL,int(3),,,"select,insert,update,references",,NEVER,NULL
def,db_1008249002,plt_common,plt_data_type,6,NULL,YES,varchar,25,100,NULL,NULL,NULL,utf8mb4,utf8mb4_unicode_ci,varchar(25),,,"select,insert,update,references",,NEVER,NULL
def,db_1008249002,plt_common,is_active,7,NULL,YES,int,NULL,NULL,10,0,NULL,NULL,NULL,int(1),,,"select,insert,update,references",,NEVER,NULL
def,db_1008249002,plt_common,created_by,8,NULL,YES,varchar,50,200,NULL,NULL,NULL,utf8mb4,utf8mb4_unicode_ci,varchar(50),,,"select,insert,update,references",,NEVER,NULL
def,db_1008249002,plt_common,updated_by,9,NULL,YES,varchar,50,200,NULL,NULL,NULL,utf8mb4,utf8mb4_unicode_ci,varchar(50),,,"select,insert,update,references",,NEVER,NULL
def,db_1008249002,plt_common,createdAt,10,NULL,NO,datetime,NULL,NULL,NULL,NULL,0,NULL,NULL,datetime,,,"select,insert,update,references",,NEVER,NULL
def,db_1008249002,plt_common,updatedAt,11,NULL,NO,datetime,NULL,NULL,NULL,NULL,0,NULL,NULL,datetime,,,"select,insert,update,references",,NEVER,NULL
def,db_1008249002,return_stock,id,1,NULL,NO,int,NULL,NULL,10,0,NULL,NULL,NULL,int(11),PRI,auto_increment,"select,insert,update,references",,NEVER,NULL
def,db_1008249002,return_stock,from,2,NULL,YES,varchar,255,1020,NULL,NULL,NULL,utf8mb4,utf8mb4_general_ci,varchar(255),,,"select,insert,update,references",,NEVER,NULL
def,db_1008249002,return_stock,to,3,NULL,YES,varchar,45,180,NULL,NULL,NULL,utf8mb4,utf8mb4_general_ci,varchar(45),,,"select,insert,update,references",,NEVER,NULL
def,db_1008249002,return_stock,goods_code,4,NULL,YES,varchar,45,180,NULL,NULL,NULL,utf8mb4,utf8mb4_general_ci,varchar(45),,,"select,insert,update,references",,NEVER,NULL
def,db_1008249002,return_stock,goods_name,5,NULL,YES,varchar,235,940,NULL,NULL,NULL,utf8mb4,utf8mb4_general_ci,varchar(235),,,"select,insert,update,references",,NEVER,NULL
def,db_1008249002,return_stock,quantity,6,NULL,YES,varchar,45,180,NULL,NULL,NULL,utf8mb4,utf8mb4_general_ci,varchar(45),,,"select,insert,update,references",,NEVER,NULL
def,db_1008249002,return_stock,unitPrice,7,NULL,YES,varchar,45,180,NULL,NULL,NULL,utf8mb4,utf8mb4_general_ci,varchar(45),,,"select,insert,update,references",,NEVER,NULL
def,db_1008249002,return_stock,is_active,8,NULL,YES,varchar,45,180,NULL,NULL,NULL,utf8mb4,utf8mb4_general_ci,varchar(45),,,"select,insert,update,references",,NEVER,NULL
def,db_1008249002,return_stock,created_at,9,NULL,YES,varchar,45,180,NULL,NULL,NULL,utf8mb4,utf8mb4_general_ci,varchar(45),,,"select,insert,update,references","		",NEVER,NULL
def,db_1008249002,return_stock,updated_at,10,NULL,YES,datetime,NULL,NULL,NULL,NULL,0,NULL,NULL,datetime,,,"select,insert,update,references",,NEVER,NULL
def,db_1008249002,return_stock,uom,11,NULL,YES,varchar,45,180,NULL,NULL,NULL,utf8mb4,utf8mb4_general_ci,varchar(45),,,"select,insert,update,references",,NEVER,NULL
def,db_1008249002,return_stock,commodityGoodsId,12,NULL,YES,varchar,45,180,NULL,NULL,NULL,utf8mb4,utf8mb4_general_ci,varchar(45),,,"select,insert,update,references",,NEVER,NULL
def,db_1008249002,return_stock,remark,13,NULL,YES,varchar,90,360,NULL,NULL,NULL,utf8mb4,utf8mb4_general_ci,varchar(90),,,"select,insert,update,references",,NEVER,NULL
def,db_1008249002,return_stock,trip_id,14,NULL,YES,varchar,45,180,NULL,NULL,NULL,utf8mb4,utf8mb4_general_ci,varchar(45),,,"select,insert,update,references",,NEVER,NULL
def,db_1008249002,routing,id,1,NULL,NO,int,NULL,NULL,10,0,NULL,NULL,NULL,int(11),PRI,auto_increment,"select,insert,update,references",,NEVER,NULL
def,db_1008249002,routing,function,2,NULL,YES,varchar,30,120,NULL,NULL,NULL,utf8mb4,utf8mb4_unicode_ci,varchar(30),,,"select,insert,update,references",,NEVER,NULL
def,db_1008249002,routing,path,3,NULL,YES,varchar,100,400,NULL,NULL,NULL,utf8mb4,utf8mb4_unicode_ci,varchar(100),,,"select,insert,update,references",,NEVER,NULL
def,db_1008249002,routing,requiredParams,4,NULL,YES,varchar,200,800,NULL,NULL,NULL,utf8mb4,utf8mb4_unicode_ci,varchar(200),,,"select,insert,update,references",,NEVER,NULL
def,db_1008249002,routing,access,5,NULL,YES,varchar,255,1020,NULL,NULL,NULL,utf8mb4,utf8mb4_unicode_ci,varchar(255),,,"select,insert,update,references",,NEVER,NULL
def,db_1008249002,routing,is_active,6,NULL,YES,int,NULL,NULL,10,0,NULL,NULL,NULL,int(1),,,"select,insert,update,references",,NEVER,NULL
def,db_1008249002,routing,created_by,7,NULL,YES,varchar,50,200,NULL,NULL,NULL,utf8mb4,utf8mb4_unicode_ci,varchar(50),,,"select,insert,update,references",,NEVER,NULL
def,db_1008249002,routing,updated_by,8,NULL,YES,varchar,50,200,NULL,NULL,NULL,utf8mb4,utf8mb4_unicode_ci,varchar(50),,,"select,insert,update,references",,NEVER,NULL
def,db_1008249002,routing,createdAt,9,NULL,NO,datetime,NULL,NULL,NULL,NULL,0,NULL,NULL,datetime,,,"select,insert,update,references",,NEVER,NULL
def,db_1008249002,routing,updatedAt,10,NULL,NO,datetime,NULL,NULL,NULL,NULL,0,NULL,NULL,datetime,,,"select,insert,update,references",,NEVER,NULL
def,db_1008249002,sales_ladger,id,1,NULL,NO,int,NULL,NULL,10,0,NULL,NULL,NULL,int(11),PRI,auto_increment,"select,insert,update,references",,NEVER,NULL
def,db_1008249002,sales_ladger,name,2,NULL,NO,varchar,45,180,NULL,NULL,NULL,utf8mb4,utf8mb4_general_ci,varchar(45),,,"select,insert,update,references",,NEVER,NULL
def,db_1008249002,sales_ladger,type,3,'non-vat',NO,varchar,45,180,NULL,NULL,NULL,utf8mb4,utf8mb4_general_ci,varchar(45),,,"select,insert,update,references",,NEVER,NULL
def,db_1008249002,sales_ladger,is_active,4,1,NO,int,NULL,NULL,10,0,NULL,NULL,NULL,int(1),,,"select,insert,update,references",,NEVER,NULL
def,db_1008249002,sales_ladger,created_at,5,NULL,YES,datetime,NULL,NULL,NULL,NULL,0,NULL,NULL,datetime,,,"select,insert,update,references",,NEVER,NULL
def,db_1008249002,sales_ladger,updated_at,6,NULL,YES,datetime,NULL,NULL,NULL,NULL,0,NULL,NULL,datetime,,,"select,insert,update,references",,NEVER,NULL
def,db_1008249002,schedulers,id,1,NULL,NO,int,NULL,NULL,10,0,NULL,NULL,NULL,int(8),PRI,auto_increment,"select,insert,update,references",,NEVER,NULL
def,db_1008249002,schedulers,name,2,NULL,YES,varchar,45,180,NULL,NULL,NULL,utf8mb4,utf8mb4_unicode_ci,varchar(45),,,"select,insert,update,references",,NEVER,NULL
def,db_1008249002,schedulers,status,3,0,YES,int,NULL,NULL,10,0,NULL,NULL,NULL,int(1),,,"select,insert,update,references",,NEVER,NULL
def,db_1008249002,schedulers,log_mode,4,'INFO',NO,varchar,5,20,NULL,NULL,NULL,utf8mb4,utf8mb4_unicode_ci,varchar(5),,,"select,insert,update,references","Options
INFO
DEBUG
ERROR",NEVER,NULL
def,db_1008249002,schedulers,created_at,5,NULL,YES,datetime,NULL,NULL,NULL,NULL,0,NULL,NULL,datetime,,,"select,insert,update,references",,NEVER,NULL
def,db_1008249002,schedulers,updated_at,6,NULL,YES,datetime,NULL,NULL,NULL,NULL,0,NULL,NULL,datetime,,,"select,insert,update,references",,NEVER,NULL
def,db_1008249002,scheduler_time,id,1,NULL,NO,int,NULL,NULL,10,0,NULL,NULL,NULL,int(11),PRI,auto_increment,"select,insert,update,references",,NEVER,NULL
def,db_1008249002,scheduler_time,start_time,2,NULL,NO,varchar,45,180,NULL,NULL,NULL,utf8mb4,utf8mb4_general_ci,varchar(45),,,"select,insert,update,references",,NEVER,NULL
def,db_1008249002,scheduler_time,end_time,3,NULL,NO,varchar,45,180,NULL,NULL,NULL,utf8mb4,utf8mb4_general_ci,varchar(45),,,"select,insert,update,references",,NEVER,NULL
def,db_1008249002,scheduler_time,batch_id,4,NULL,NO,int,NULL,NULL,10,0,NULL,NULL,NULL,int(11),,,"select,insert,update,references",,NEVER,NULL
def,db_1008249002,scheduler_time,createdAt,5,NULL,NO,datetime,NULL,NULL,NULL,NULL,0,NULL,NULL,datetime,,,"select,insert,update,references",,NEVER,NULL
def,db_1008249002,scheduler_time,updatedAt,6,NULL,YES,datetime,NULL,NULL,NULL,NULL,0,NULL,NULL,datetime,,,"select,insert,update,references",,NEVER,NULL
def,db_1008249002,trans_batch,batch_id,1,NULL,NO,int,NULL,NULL,10,0,NULL,NULL,NULL,int(6),PRI,auto_increment,"select,insert,update,references",,NEVER,NULL
def,db_1008249002,trans_batch,batch_type,2,NULL,YES,int,NULL,NULL,10,0,NULL,NULL,NULL,int(1),,,"select,insert,update,references",,NEVER,NULL
def,db_1008249002,trans_batch,file_name,3,NULL,YES,varchar,50,200,NULL,NULL,NULL,utf8mb4,utf8mb4_unicode_ci,varchar(50),,,"select,insert,update,references",,NEVER,NULL
def,db_1008249002,trans_batch,sync_status,4,NULL,YES,int,NULL,NULL,10,0,NULL,NULL,NULL,int(1),,,"select,insert,update,references",,NEVER,NULL
def,db_1008249002,trans_batch,status,5,NULL,YES,int,NULL,NULL,10,0,NULL,NULL,NULL,int(1),,,"select,insert,update,references",,NEVER,NULL
def,db_1008249002,trans_batch,upload_file_path,6,NULL,YES,varchar,150,600,NULL,NULL,NULL,utf8mb4,utf8mb4_unicode_ci,varchar(150),,,"select,insert,update,references",,NEVER,NULL
def,db_1008249002,trans_batch,upload_failed_path,7,NULL,YES,varchar,150,600,NULL,NULL,NULL,utf8mb4,utf8mb4_unicode_ci,varchar(150),,,"select,insert,update,references",,NEVER,NULL
def,db_1008249002,trans_batch,sync_file_path,8,NULL,YES,varchar,150,600,NULL,NULL,NULL,utf8mb4,utf8mb4_unicode_ci,varchar(150),,,"select,insert,update,references",,NEVER,NULL
def,db_1008249002,trans_batch,is_active,9,NULL,YES,int,NULL,NULL,10,0,NULL,NULL,NULL,int(1),,,"select,insert,update,references",,NEVER,NULL
def,db_1008249002,trans_batch,created_by,10,NULL,YES,varchar,50,200,NULL,NULL,NULL,utf8mb4,utf8mb4_unicode_ci,varchar(50),,,"select,insert,update,references",,NEVER,NULL
def,db_1008249002,trans_batch,updated_by,11,NULL,YES,varchar,50,200,NULL,NULL,NULL,utf8mb4,utf8mb4_unicode_ci,varchar(50),,,"select,insert,update,references",,NEVER,NULL
def,db_1008249002,trans_batch,createdAt,12,NULL,NO,datetime,NULL,NULL,NULL,NULL,0,NULL,NULL,datetime,,,"select,insert,update,references",,NEVER,NULL
def,db_1008249002,trans_batch,updatedAt,13,NULL,NO,datetime,NULL,NULL,NULL,NULL,0,NULL,NULL,datetime,,,"select,insert,update,references",,NEVER,NULL
def,db_1008249002,trans_exceldata,excel_id,1,NULL,NO,int,NULL,NULL,10,0,NULL,NULL,NULL,int(6),PRI,auto_increment,"select,insert,update,references",,NEVER,NULL
def,db_1008249002,trans_exceldata,excel_hdr_id,2,NULL,YES,int,NULL,NULL,10,0,NULL,NULL,NULL,int(6),,,"select,insert,update,references",,NEVER,NULL
def,db_1008249002,trans_exceldata,voucher_number,3,NULL,YES,varchar,100,400,NULL,NULL,NULL,utf8mb4,utf8mb4_unicode_ci,varchar(100),,,"select,insert,update,references",,NEVER,NULL
def,db_1008249002,trans_exceldata,reference,4,NULL,YES,varchar,50,200,NULL,NULL,NULL,utf8mb4,utf8mb4_unicode_ci,varchar(50),,,"select,insert,update,references",,NEVER,NULL
def,db_1008249002,trans_exceldata,date,5,NULL,YES,varchar,50,200,NULL,NULL,NULL,utf8mb4,utf8mb4_unicode_ci,varchar(50),,,"select,insert,update,references",,NEVER,NULL
def,db_1008249002,trans_exceldata,voucher_type,6,NULL,YES,varchar,100,400,NULL,NULL,NULL,utf8mb4,utf8mb4_unicode_ci,varchar(100),,,"select,insert,update,references",,NEVER,NULL
def,db_1008249002,trans_exceldata,party_name,7,NULL,YES,varchar,100,400,NULL,NULL,NULL,utf8mb4,utf8mb4_unicode_ci,varchar(100),,,"select,insert,update,references",,NEVER,NULL
def,db_1008249002,trans_exceldata,buyer_tin_no,8,NULL,YES,varchar,100,400,NULL,NULL,NULL,utf8mb4,utf8mb4_unicode_ci,varchar(100),,,"select,insert,update,references",,NEVER,NULL
def,db_1008249002,trans_exceldata,cst_no,9,NULL,YES,varchar,100,400,NULL,NULL,NULL,utf8mb4,utf8mb4_unicode_ci,varchar(100),,,"select,insert,update,references",,NEVER,NULL
def,db_1008249002,trans_exceldata,item_name,10,NULL,YES,varchar,100,400,NULL,NULL,NULL,utf8mb4,utf8mb4_unicode_ci,varchar(100),,,"select,insert,update,references",,NEVER,NULL
def,db_1008249002,trans_exceldata,godown,11,NULL,YES,varchar,100,400,NULL,NULL,NULL,utf8mb4,utf8mb4_unicode_ci,varchar(100),,,"select,insert,update,references",,NEVER,NULL
def,db_1008249002,trans_exceldata,item_batch,12,NULL,YES,varchar,100,400,NULL,NULL,NULL,utf8mb4,utf8mb4_unicode_ci,varchar(100),,,"select,insert,update,references",,NEVER,NULL
def,db_1008249002,trans_exceldata,acutal_quantity,13,NULL,YES,int,NULL,NULL,10,0,NULL,NULL,NULL,int(5),,,"select,insert,update,references",,NEVER,NULL
def,db_1008249002,trans_exceldata,billed_quantity,14,NULL,YES,int,NULL,NULL,10,0,NULL,NULL,NULL,int(5),,,"select,insert,update,references",,NEVER,NULL
def,db_1008249002,trans_exceldata,alternate_actual_quantity,15,NULL,YES,int,NULL,NULL,10,0,NULL,NULL,NULL,int(5),,,"select,insert,update,references",,NEVER,NULL
def,db_1008249002,trans_exceldata,alternate_billed_quantity,16,NULL,YES,int,NULL,NULL,10,0,NULL,NULL,NULL,int(5),,,"select,insert,update,references",,NEVER,NULL
def,db_1008249002,trans_exceldata,rate,17,NULL,YES,float,NULL,NULL,9,2,NULL,NULL,NULL,"float(9,2)",,,"select,insert,update,references",,NEVER,NULL
def,db_1008249002,trans_exceldata,purchase_rate,18,NULL,YES,float,NULL,NULL,9,2,NULL,NULL,NULL,"float(9,2)",,,"select,insert,update,references",,NEVER,NULL
def,db_1008249002,trans_exceldata,unit,19,NULL,YES,varchar,50,200,NULL,NULL,NULL,utf8mb4,utf8mb4_unicode_ci,varchar(50),,,"select,insert,update,references",,NEVER,NULL
def,db_1008249002,trans_exceldata,discount,20,NULL,YES,float,NULL,NULL,5,2,NULL,NULL,NULL,"float(5,2)",,,"select,insert,update,references",,NEVER,NULL
def,db_1008249002,trans_exceldata,discount_amt,21,NULL,YES,float,NULL,NULL,9,2,NULL,NULL,NULL,"float(9,2)",,,"select,insert,update,references",,NEVER,NULL
def,db_1008249002,trans_exceldata,margin,22,NULL,YES,varchar,100,400,NULL,NULL,NULL,utf8mb4,utf8mb4_unicode_ci,varchar(100),,,"select,insert,update,references",,NEVER,NULL
def,db_1008249002,trans_exceldata,amount,23,NULL,YES,float,NULL,NULL,9,2,NULL,NULL,NULL,"float(9,2)",,,"select,insert,update,references",,NEVER,NULL
def,db_1008249002,trans_exceldata,purchase_sales_ledger,24,NULL,YES,varchar,100,400,NULL,NULL,NULL,utf8mb4,utf8mb4_unicode_ci,varchar(100),,,"select,insert,update,references",,NEVER,NULL
def,db_1008249002,trans_exceldata,tax_classification,25,NULL,YES,varchar,100,400,NULL,NULL,NULL,utf8mb4,utf8mb4_unicode_ci,varchar(100),,,"select,insert,update,references",,NEVER,NULL
def,db_1008249002,trans_exceldata,narration,26,NULL,YES,varchar,100,400,NULL,NULL,NULL,utf8mb4,utf8mb4_unicode_ci,varchar(100),,,"select,insert,update,references",,NEVER,NULL
def,db_1008249002,trans_exceldata,ura_invoice_date,27,NULL,YES,datetime,NULL,NULL,NULL,NULL,0,NULL,NULL,datetime,,,"select,insert,update,references",,NEVER,NULL
def,db_1008249002,trans_exceldata,is_active,28,NULL,YES,int,NULL,NULL,10,0,NULL,NULL,NULL,int(1),,,"select,insert,update,references",,NEVER,NULL
def,db_1008249002,trans_exceldata,created_by,29,NULL,YES,varchar,50,200,NULL,NULL,NULL,utf8mb4,utf8mb4_unicode_ci,varchar(50),,,"select,insert,update,references",,NEVER,NULL
def,db_1008249002,trans_exceldata,updated_by,30,NULL,YES,varchar,50,200,NULL,NULL,NULL,utf8mb4,utf8mb4_unicode_ci,varchar(50),,,"select,insert,update,references",,NEVER,NULL
def,db_1008249002,trans_exceldata,createdAt,31,NULL,NO,datetime,NULL,NULL,NULL,NULL,0,NULL,NULL,datetime,,,"select,insert,update,references",,NEVER,NULL
def,db_1008249002,trans_exceldata,updatedAt,32,NULL,NO,datetime,NULL,NULL,NULL,NULL,0,NULL,NULL,datetime,,,"select,insert,update,references",,NEVER,NULL
def,db_1008249002,trans_exceldata_hdr,excel_hdr_id,1,NULL,NO,int,NULL,NULL,10,0,NULL,NULL,NULL,int(6),PRI,auto_increment,"select,insert,update,references",,NEVER,NULL
def,db_1008249002,trans_exceldata_hdr,trans_batch_id,2,NULL,YES,int,NULL,NULL,10,0,NULL,NULL,NULL,int(6),,,"select,insert,update,references",,NEVER,NULL
def,db_1008249002,trans_exceldata_hdr,voucher_number,3,NULL,YES,varchar,100,400,NULL,NULL,NULL,utf8mb4,utf8mb4_unicode_ci,varchar(100),,,"select,insert,update,references",,NEVER,NULL
def,db_1008249002,trans_exceldata_hdr,date,4,NULL,YES,varchar,45,180,NULL,NULL,NULL,utf8mb4,utf8mb4_unicode_ci,varchar(45),,,"select,insert,update,references",,NEVER,NULL
def,db_1008249002,trans_exceldata_hdr,party_name,5,NULL,YES,varchar,100,400,NULL,NULL,NULL,utf8mb4,utf8mb4_unicode_ci,varchar(100),,,"select,insert,update,references",,NEVER,NULL
def,db_1008249002,trans_exceldata_hdr,buyer_tin_no,6,NULL,YES,varchar,100,400,NULL,NULL,NULL,utf8mb4,utf8mb4_unicode_ci,varchar(100),,,"select,insert,update,references",,NEVER,NULL
def,db_1008249002,trans_exceldata_hdr,item_total,7,NULL,YES,int,NULL,NULL,10,0,NULL,NULL,NULL,int(7),,,"select,insert,update,references",,NEVER,NULL
def,db_1008249002,trans_exceldata_hdr,total_qty,8,NULL,YES,int,NULL,NULL,10,0,NULL,NULL,NULL,int(5),,,"select,insert,update,references",,NEVER,NULL
def,db_1008249002,trans_exceldata_hdr,total_amt,9,NULL,YES,int,NULL,NULL,10,0,NULL,NULL,NULL,int(7),,,"select,insert,update,references",,NEVER,NULL
def,db_1008249002,trans_exceldata_hdr,pdf,10,NULL,YES,varchar,50,200,NULL,NULL,NULL,utf8mb4,utf8mb4_unicode_ci,varchar(50),,,"select,insert,update,references",,NEVER,NULL
def,db_1008249002,trans_exceldata_hdr,batch_id,11,NULL,YES,varchar,100,400,NULL,NULL,NULL,utf8mb4,utf8mb4_unicode_ci,varchar(100),,,"select,insert,update,references",,NEVER,NULL
def,db_1008249002,trans_exceldata_hdr,json_single_array,12,NULL,YES,text,65535,65535,NULL,NULL,NULL,utf8mb4,utf8mb4_unicode_ci,text,,,"select,insert,update,references",,NEVER,NULL
def,db_1008249002,trans_exceldata_hdr,json_single_array_encoded,13,NULL,YES,text,65535,65535,NULL,NULL,NULL,utf8mb4,utf8mb4_unicode_ci,text,,,"select,insert,update,references",,NEVER,NULL
def,db_1008249002,trans_exceldata_hdr,api_response,14,NULL,YES,text,65535,65535,NULL,NULL,NULL,utf8mb4,utf8mb4_unicode_ci,text,,,"select,insert,update,references",,NEVER,NULL
def,db_1008249002,trans_exceldata_hdr,is_active,15,NULL,YES,int,NULL,NULL,10,0,NULL,NULL,NULL,int(1),,,"select,insert,update,references",,NEVER,NULL
def,db_1008249002,trans_exceldata_hdr,created_by,16,NULL,YES,varchar,50,200,NULL,NULL,NULL,utf8mb4,utf8mb4_unicode_ci,varchar(50),,,"select,insert,update,references",,NEVER,NULL
def,db_1008249002,trans_exceldata_hdr,updated_by,17,NULL,YES,varchar,50,200,NULL,NULL,NULL,utf8mb4,utf8mb4_unicode_ci,varchar(50),,,"select,insert,update,references",,NEVER,NULL
def,db_1008249002,trans_exceldata_hdr,createdAt,18,NULL,NO,datetime,NULL,NULL,NULL,NULL,0,NULL,NULL,datetime,,,"select,insert,update,references",,NEVER,NULL
def,db_1008249002,trans_exceldata_hdr,updatedAt,19,NULL,NO,datetime,NULL,NULL,NULL,NULL,0,NULL,NULL,datetime,,,"select,insert,update,references",,NEVER,NULL
def,db_1008249002,trans_exceldata_hdr,is_invoice_inserted,20,1,NO,int,NULL,NULL,10,0,NULL,NULL,NULL,int(11),,,"select,insert,update,references",,NEVER,NULL
def,db_1008249002,trans_stock,id,1,NULL,NO,int,NULL,NULL,10,0,NULL,NULL,NULL,int(11),PRI,auto_increment,"select,insert,update,references",,NEVER,NULL
def,db_1008249002,trans_stock,from_godown,2,NULL,YES,varchar,255,1020,NULL,NULL,NULL,utf8mb4,utf8mb4_general_ci,varchar(255),,,"select,insert,update,references",,NEVER,NULL
def,db_1008249002,trans_stock,to_sales_man,3,NULL,YES,varchar,45,180,NULL,NULL,NULL,utf8mb4,utf8mb4_general_ci,varchar(45),,,"select,insert,update,references",,NEVER,NULL
def,db_1008249002,trans_stock,goods_code,4,NULL,YES,varchar,45,180,NULL,NULL,NULL,utf8mb4,utf8mb4_general_ci,varchar(45),,,"select,insert,update,references",,NEVER,NULL
def,db_1008249002,trans_stock,goods_name,5,NULL,YES,varchar,235,940,NULL,NULL,NULL,utf8mb4,utf8mb4_general_ci,varchar(235),,,"select,insert,update,references",,NEVER,NULL
def,db_1008249002,trans_stock,quantity,6,NULL,YES,varchar,45,180,NULL,NULL,NULL,utf8mb4,utf8mb4_general_ci,varchar(45),,,"select,insert,update,references",,NEVER,NULL
def,db_1008249002,trans_stock,unitPrice,7,NULL,YES,varchar,45,180,NULL,NULL,NULL,utf8mb4,utf8mb4_general_ci,varchar(45),,,"select,insert,update,references",,NEVER,NULL
def,db_1008249002,trans_stock,is_active,8,NULL,YES,varchar,45,180,NULL,NULL,NULL,utf8mb4,utf8mb4_general_ci,varchar(45),,,"select,insert,update,references",,NEVER,NULL
def,db_1008249002,trans_stock,created_at,9,NULL,YES,varchar,45,180,NULL,NULL,NULL,utf8mb4,utf8mb4_general_ci,varchar(45),,,"select,insert,update,references","		",NEVER,NULL
def,db_1008249002,trans_stock,updated_at,10,NULL,YES,datetime,NULL,NULL,NULL,NULL,0,NULL,NULL,datetime,,,"select,insert,update,references",,NEVER,NULL
def,db_1008249002,trans_stock,voucher_numbers,11,NULL,YES,varchar,45,180,NULL,NULL,NULL,utf8mb4,utf8mb4_general_ci,varchar(45),,,"select,insert,update,references",,NEVER,NULL
def,db_1008249002,trans_stock,voucher_Id,12,NULL,YES,varchar,45,180,NULL,NULL,NULL,utf8mb4,utf8mb4_general_ci,varchar(45),,,"select,insert,update,references",,NEVER,NULL
def,db_1008249002,trans_stock,uom,13,NULL,YES,varchar,45,180,NULL,NULL,NULL,utf8mb4,utf8mb4_general_ci,varchar(45),,,"select,insert,update,references",,NEVER,NULL
def,db_1008249002,trans_stock,commodityGoodsId,14,NULL,YES,varchar,45,180,NULL,NULL,NULL,utf8mb4,utf8mb4_general_ci,varchar(45),,,"select,insert,update,references",,NEVER,NULL
def,db_1008249002,trans_stock,trip_id,15,NULL,YES,varchar,45,180,NULL,NULL,NULL,utf8mb4,utf8mb4_general_ci,varchar(45),,,"select,insert,update,references",,NEVER,NULL
def,db_1008249002,trans_stock_manage,id,1,NULL,NO,int,NULL,NULL,10,0,NULL,NULL,NULL,int(11),PRI,auto_increment,"select,insert,update,references",,NEVER,NULL
def,db_1008249002,trans_stock_manage,trip_hdr_id,2,NULL,YES,varchar,45,180,NULL,NULL,NULL,utf8mb4,utf8mb4_general_ci,varchar(45),,,"select,insert,update,references",,NEVER,NULL
def,db_1008249002,trans_stock_manage,invoice_type,3,NULL,YES,int,NULL,NULL,10,0,NULL,NULL,NULL,int(1),,,"select,insert,update,references",,NEVER,NULL
def,db_1008249002,trans_stock_manage,godown_id,4,NULL,NO,varchar,45,180,NULL,NULL,NULL,utf8mb4,utf8mb4_general_ci,varchar(45),,,"select,insert,update,references",,NEVER,NULL
def,db_1008249002,trans_stock_manage,goods_code,5,NULL,NO,varchar,45,180,NULL,NULL,NULL,utf8mb4,utf8mb4_general_ci,varchar(45),,,"select,insert,update,references",,NEVER,NULL
def,db_1008249002,trans_stock_manage,goods_name,6,NULL,YES,varchar,100,400,NULL,NULL,NULL,utf8mb4,utf8mb4_general_ci,varchar(100),,,"select,insert,update,references",,NEVER,NULL
def,db_1008249002,trans_stock_manage,qty,7,NULL,NO,varchar,45,180,NULL,NULL,NULL,utf8mb4,utf8mb4_general_ci,varchar(45),,,"select,insert,update,references",,NEVER,NULL
def,db_1008249002,trans_stock_manage,available_qty,8,NULL,YES,varchar,45,180,NULL,NULL,NULL,utf8mb4,utf8mb4_general_ci,varchar(45),,,"select,insert,update,references",,NEVER,NULL
def,db_1008249002,trans_stock_manage,final_qty,9,NULL,YES,varchar,45,180,NULL,NULL,NULL,utf8mb4,utf8mb4_general_ci,varchar(45),,,"select,insert,update,references",,NEVER,NULL
def,db_1008249002,trans_stock_manage,invoice_no,10,NULL,YES,varchar,45,180,NULL,NULL,NULL,utf8mb4,utf8mb4_general_ci,varchar(45),,,"select,insert,update,references",,NEVER,NULL
def,db_1008249002,trans_stock_manage,is_active,11,1,YES,int,NULL,NULL,10,0,NULL,NULL,NULL,int(1),,,"select,insert,update,references",,NEVER,NULL
def,db_1008249002,trans_stock_manage,created_by,12,NULL,YES,varchar,45,180,NULL,NULL,NULL,utf8mb4,utf8mb4_general_ci,varchar(45),,,"select,insert,update,references",,NEVER,NULL
def,db_1008249002,trans_stock_manage,updated_by,13,NULL,YES,varchar,45,180,NULL,NULL,NULL,utf8mb4,utf8mb4_general_ci,varchar(45),,,"select,insert,update,references",,NEVER,NULL
def,db_1008249002,trans_stock_manage,createdAt,14,NULL,YES,varchar,45,180,NULL,NULL,NULL,utf8mb4,utf8mb4_general_ci,varchar(45),,,"select,insert,update,references",,NEVER,NULL
def,db_1008249002,trans_stock_manage,updatedAt,15,NULL,YES,varchar,45,180,NULL,NULL,NULL,utf8mb4,utf8mb4_general_ci,varchar(45),,,"select,insert,update,references",,NEVER,NULL
def,db_1008249002,trans_stock_manage,trans_stock_managecol,16,NULL,YES,varchar,45,180,NULL,NULL,NULL,utf8mb4,utf8mb4_general_ci,varchar(45),,,"select,insert,update,references","				",NEVER,NULL
def,db_1008249002,trans_stock_summary,id,1,NULL,NO,int,NULL,NULL,10,0,NULL,NULL,NULL,int(11),PRI,auto_increment,"select,insert,update,references",,NEVER,NULL
def,db_1008249002,trans_stock_summary,godown_id,2,NULL,NO,varchar,45,180,NULL,NULL,NULL,utf8mb4,utf8mb4_general_ci,varchar(45),,,"select,insert,update,references",,NEVER,NULL
def,db_1008249002,trans_stock_summary,goods_code,3,NULL,NO,varchar,45,180,NULL,NULL,NULL,utf8mb4,utf8mb4_general_ci,varchar(45),,,"select,insert,update,references",,NEVER,NULL
def,db_1008249002,trans_stock_summary,goods_name,4,NULL,YES,varchar,100,400,NULL,NULL,NULL,utf8mb4,utf8mb4_general_ci,varchar(100),,,"select,insert,update,references",,NEVER,NULL
def,db_1008249002,trans_stock_summary,unitPrice,5,NULL,YES,varchar,45,180,NULL,NULL,NULL,utf8mb4,utf8mb4_general_ci,varchar(45),,,"select,insert,update,references",,NEVER,NULL
def,db_1008249002,trans_stock_summary,qty,6,NULL,NO,varchar,45,180,NULL,NULL,NULL,utf8mb4,utf8mb4_general_ci,varchar(45),,,"select,insert,update,references",,NEVER,NULL
def,db_1008249002,trans_stock_summary,updatedAt,7,NULL,YES,varchar,45,180,NULL,NULL,NULL,utf8mb4,utf8mb4_general_ci,varchar(45),,,"select,insert,update,references",,NEVER,NULL
def,db_1008249002,trans_stock_summary,is_active,8,1,YES,int,NULL,NULL,10,0,NULL,NULL,NULL,int(1),,,"select,insert,update,references",,NEVER,NULL
def,db_1008249002,trans_stock_summary,created_by,9,NULL,YES,varchar,45,180,NULL,NULL,NULL,utf8mb4,utf8mb4_general_ci,varchar(45),,,"select,insert,update,references",,NEVER,NULL
def,db_1008249002,trans_stock_summary,updated_by,10,NULL,YES,varchar,45,180,NULL,NULL,NULL,utf8mb4,utf8mb4_general_ci,varchar(45),,,"select,insert,update,references",,NEVER,NULL
def,db_1008249002,trans_stock_summary,createdAt,11,NULL,YES,varchar,45,180,NULL,NULL,NULL,utf8mb4,utf8mb4_general_ci,varchar(45),,,"select,insert,update,references",,NEVER,NULL
def,db_1008249002,trans_stock_summary,uom,12,NULL,YES,varchar,45,180,NULL,NULL,NULL,utf8mb4,utf8mb4_general_ci,varchar(45),,,"select,insert,update,references",,NEVER,NULL
def,db_1008249002,trans_stock_summary,commodityCategoryId,13,NULL,YES,varchar,45,180,NULL,NULL,NULL,utf8mb4,utf8mb4_general_ci,varchar(45),,,"select,insert,update,references",,NEVER,NULL
def,db_1008249002,trans_trip_dtl,trip_dtl_id,1,NULL,NO,int,NULL,NULL,10,0,NULL,NULL,NULL,int(11),PRI,auto_increment,"select,insert,update,references",,NEVER,NULL
def,db_1008249002,trans_trip_dtl,trip_hdr_id,2,NULL,NO,int,NULL,NULL,10,0,NULL,NULL,NULL,int(11),,,"select,insert,update,references",,NEVER,NULL
def,db_1008249002,trans_trip_dtl,item_id,3,NULL,NO,varchar,45,180,NULL,NULL,NULL,utf8mb4,utf8mb4_general_ci,varchar(45),,,"select,insert,update,references",,NEVER,NULL
def,db_1008249002,trans_trip_dtl,item_name,4,NULL,NO,varchar,150,600,NULL,NULL,NULL,utf8mb4,utf8mb4_general_ci,varchar(150),,,"select,insert,update,references",,NEVER,NULL
def,db_1008249002,trans_trip_dtl,category_code,5,NULL,NO,varchar,45,180,NULL,NULL,NULL,utf8mb4,utf8mb4_general_ci,varchar(45),,,"select,insert,update,references",,NEVER,NULL
def,db_1008249002,trans_trip_dtl,vat,6,NULL,YES,varchar,45,180,NULL,NULL,NULL,utf8mb4,utf8mb4_general_ci,varchar(45),,,"select,insert,update,references",,NEVER,NULL
def,db_1008249002,trans_trip_dtl,exciese,7,NULL,YES,varchar,45,180,NULL,NULL,NULL,utf8mb4,utf8mb4_general_ci,varchar(45),,,"select,insert,update,references",,NEVER,NULL
def,db_1008249002,trans_trip_dtl,is_exempted,8,0,YES,int,NULL,NULL,10,0,NULL,NULL,NULL,int(1),,,"select,insert,update,references",,NEVER,NULL
def,db_1008249002,trans_trip_dtl,is_zero_vat,9,0,YES,int,NULL,NULL,10,0,NULL,NULL,NULL,int(1),,,"select,insert,update,references",,NEVER,NULL
def,db_1008249002,trans_trip_dtl,price,10,NULL,YES,varchar,45,180,NULL,NULL,NULL,utf8mb4,utf8mb4_general_ci,varchar(45),,,"select,insert,update,references",,NEVER,NULL
def,db_1008249002,trans_trip_dtl,stock_qty,11,NULL,NO,varchar,45,180,NULL,NULL,NULL,utf8mb4,utf8mb4_general_ci,varchar(45),,,"select,insert,update,references",,NEVER,NULL
def,db_1008249002,trans_trip_dtl,is_active,12,1,YES,int,NULL,NULL,10,0,NULL,NULL,NULL,int(1),,,"select,insert,update,references",,NEVER,NULL
def,db_1008249002,trans_trip_dtl,created_by,13,NULL,YES,varchar,45,180,NULL,NULL,NULL,utf8mb4,utf8mb4_general_ci,varchar(45),,,"select,insert,update,references",,NEVER,NULL
def,db_1008249002,trans_trip_dtl,createdAt,14,NULL,YES,datetime,NULL,NULL,NULL,NULL,0,NULL,NULL,datetime,,,"select,insert,update,references",,NEVER,NULL
def,db_1008249002,trans_trip_dtl,updated_by,15,NULL,YES,varchar,45,180,NULL,NULL,NULL,utf8mb4,utf8mb4_general_ci,varchar(45),,,"select,insert,update,references",,NEVER,NULL
def,db_1008249002,trans_trip_dtl,updatedAt,16,NULL,YES,datetime,NULL,NULL,NULL,NULL,0,NULL,NULL,datetime,,,"select,insert,update,references",,NEVER,NULL
def,db_1008249002,trans_trip_dtl,available_qty,17,NULL,YES,varchar,45,180,NULL,NULL,NULL,utf8mb4,utf8mb4_general_ci,varchar(45),,,"select,insert,update,references",,NEVER,NULL
def,db_1008249002,trans_trip_dtl,uom,18,NULL,YES,varchar,45,180,NULL,NULL,NULL,utf8mb4,utf8mb4_general_ci,varchar(45),,,"select,insert,update,references",,NEVER,NULL
def,db_1008249002,trans_trip_dtl,currency,19,'101',NO,varchar,45,180,NULL,NULL,NULL,utf8mb4,utf8mb4_general_ci,varchar(45),,,"select,insert,update,references",,NEVER,NULL
def,db_1008249002,trans_trip_hdr,trip_id,1,NULL,NO,int,NULL,NULL,10,0,NULL,NULL,NULL,int(7),PRI,auto_increment,"select,insert,update,references",,NEVER,NULL
def,db_1008249002,trans_trip_hdr,sales_man_id,2,NULL,NO,int,NULL,NULL,10,0,NULL,NULL,NULL,int(5),,,"select,insert,update,references",,NEVER,NULL
def,db_1008249002,trans_trip_hdr,is_active,3,1,NO,int,NULL,NULL,10,0,NULL,NULL,NULL,int(1),,,"select,insert,update,references",,NEVER,NULL
def,db_1008249002,trans_trip_hdr,created_by,4,NULL,YES,varchar,45,180,NULL,NULL,NULL,utf8mb4,utf8mb4_general_ci,varchar(45),,,"select,insert,update,references",,NEVER,NULL
def,db_1008249002,trans_trip_hdr,createdAt,5,NULL,YES,datetime,NULL,NULL,NULL,NULL,0,NULL,NULL,datetime,,,"select,insert,update,references",,NEVER,NULL
def,db_1008249002,trans_trip_hdr,updated_by,6,NULL,YES,varchar,45,180,NULL,NULL,NULL,utf8mb4,utf8mb4_general_ci,varchar(45),,,"select,insert,update,references",,NEVER,NULL
def,db_1008249002,trans_trip_hdr,updatedAt,7,NULL,YES,datetime,NULL,NULL,NULL,NULL,0,NULL,NULL,datetime,,,"select,insert,update,references",,NEVER,NULL
def,db_1008249002,trans_trip_hdr,vehicle_no,8,NULL,YES,varchar,255,1020,NULL,NULL,NULL,utf8mb4,utf8mb4_general_ci,varchar(255),,,"select,insert,update,references",,NEVER,NULL
def,db_1008249002,trans_trip_hdr,gdw_id,9,NULL,YES,varchar,45,180,NULL,NULL,NULL,utf8mb4,utf8mb4_general_ci,varchar(45),,,"select,insert,update,references",,NEVER,NULL
